epoch,num_epochs,batch,num_batchs,TotalLoss_vae,TotalLoss_g,D_TotalLoss_g,D_TotalLoss_d
1,100,1,11,28.97627067565918,3.392104148864746,1.6714614629745483,0.689329981803894
1,100,2,11,23.82732963562012,3.4448580741882324,1.6351373195648191,0.6854809522628784
1,100,3,11,24.118497848510746,3.385648965835572,1.614759922027588,0.6824509501457214
1,100,4,11,23.85037422180176,3.251865863800049,1.592618703842163,0.6782553195953369
1,100,5,11,23.861846923828125,3.261209011077881,1.5891246795654297,0.6748430728912354
1,100,6,11,23.194963455200195,3.171213150024414,1.5728392601013184,0.6700630784034729
1,100,7,11,22.536096572875977,3.260021686553955,1.5593252182006836,0.6684454679489136
1,100,8,11,21.97831153869629,3.109741449356079,1.5473840236663818,0.6645059585571289
1,100,9,11,22.050556182861328,3.0655908584594727,1.526675820350647,0.6623106002807617
1,100,10,11,21.73214340209961,3.0300161838531494,1.51527738571167,0.6580661535263062
1,100,11,11,21.027870178222656,3.014965057373047,1.4997601509094238,0.6546724438667297
2,100,1,11,19.719125747680664,3.002523899078369,1.4902143478393557,0.6521366834640503
2,100,2,11,19.20279693603516,2.869246482849121,1.4843974113464355,0.6466532349586487
2,100,3,11,18.65582656860352,3.040931224822998,1.478342056274414,0.6425186395645142
2,100,4,11,17.701030731201172,2.9226770401000977,1.4553983211517334,0.6395930051803589
2,100,5,11,17.905790328979492,2.972648859024048,1.451451063156128,0.6319997310638428
2,100,6,11,17.874141693115234,2.948637008666992,1.437124729156494,0.6295022964477539
2,100,7,11,17.08073616027832,2.938877582550049,1.4183145761489868,0.6238548755645752
2,100,8,11,17.076763153076172,2.9086899757385254,1.413901448249817,0.6165357232093811
2,100,9,11,17.081235885620117,2.7524096965789795,1.4081515073776243,0.6154528260231018
2,100,10,11,17.464649200439453,2.8521921634674072,1.4025049209594729,0.6067099571228027
2,100,11,11,17.3526554107666,2.755788326263428,1.3851807117462158,0.6019077897071838
3,100,1,11,15.85782241821289,2.9101109504699707,1.381218433380127,0.5932000279426575
3,100,2,11,16.184505462646484,2.803211212158203,1.3642443418502808,0.5861192941665649
3,100,3,11,14.841667175292969,2.7066426277160645,1.3484983444213867,0.5780830383300781
3,100,4,11,14.202425003051758,2.723773717880249,1.3458521366119385,0.5733844041824341
3,100,5,11,14.02005100250244,2.658066987991333,1.3400752544403076,0.5621001720428467
3,100,6,11,13.94957160949707,2.788228988647461,1.3431432247161863,0.5494836568832397
3,100,7,11,13.442235946655272,2.7773354053497314,1.3239567279815674,0.5419560670852661
3,100,8,11,13.787933349609377,2.704580068588257,1.319135308265686,0.5343367457389832
3,100,9,11,14.38585090637207,2.826089859008789,1.3197076320648191,0.5173949599266052
3,100,10,11,12.771461486816406,2.556593894958496,1.303726315498352,0.5084073543548584
3,100,11,11,13.353904724121094,2.77764892578125,1.2974262237548828,0.4917501807212829
4,100,1,11,12.978825569152832,2.639412879943848,1.283389449119568,0.4802559018135071
4,100,2,11,12.932418823242188,2.68921160697937,1.2794307470321655,0.4734708964824676
4,100,3,11,12.76621437072754,2.5537109375,1.2661309242248535,0.4564153850078583
4,100,4,11,12.6602783203125,2.461999893188477,1.2639214992523191,0.4453318119049072
4,100,5,11,12.866559028625488,2.771130084991455,1.2632774114608765,0.4331353902816772
4,100,6,11,12.455530166625977,2.4811697006225586,1.241290807723999,0.4123194217681885
4,100,7,11,11.97499179840088,2.505823135375977,1.2401695251464844,0.4026646614074707
4,100,8,11,11.878032684326172,2.5894742012023926,1.236267328262329,0.3855102062225342
4,100,9,11,12.212299346923828,2.4718017578125,1.232017993927002,0.3625503182411194
4,100,10,11,12.030017852783203,2.5123095512390137,1.2257428169250488,0.3558586537837982
4,100,11,11,12.286052703857422,2.378569364547729,1.2098430395126345,0.3366866111755371
5,100,1,11,11.597993850708008,2.636800765991211,1.208564519882202,0.3279957473278045
5,100,2,11,10.844043731689451,2.364320039749145,1.1976969242095947,0.3102155327796936
5,100,3,11,11.2864990234375,2.611206293106079,1.19160795211792,0.2984910011291504
5,100,4,11,11.07167625427246,2.5383145809173584,1.1914440393447876,0.2843527793884277
5,100,5,11,10.513580322265623,2.498335838317871,1.1939475536346436,0.2585461139678955
5,100,6,11,10.949440002441406,2.7067244052886963,1.1932029724121094,0.2518135011196136
5,100,7,11,10.60256004333496,2.455312728881836,1.1811069250106812,0.2460889220237732
5,100,8,11,10.285194396972656,2.624599933624268,1.1760616302490234,0.2348014414310455
5,100,9,11,9.843737602233888,2.356626272201538,1.155258059501648,0.2254794389009475
5,100,10,11,10.583610534667969,2.5631065368652344,1.1540802717208862,0.2167412191629409
5,100,11,11,10.683357238769531,2.3548262119293213,1.1471112966537476,0.2161011695861816
6,100,1,11,9.390798568725586,2.486508369445801,1.1518232822418213,0.1884936392307281
6,100,2,11,9.224203109741213,2.3698415756225586,1.1259024143218994,0.1964493840932846
6,100,3,11,9.421579360961914,2.5139694213867188,1.1442129611968994,0.1788709759712219
6,100,4,11,9.042656898498535,2.278843879699707,1.124476194381714,0.1639019101858139
6,100,5,11,9.690536499023438,2.40969181060791,1.1325422525405884,0.1576380431652069
6,100,6,11,9.553776741027832,2.3359899520874023,1.1114349365234375,0.1651455909013748
6,100,7,11,10.170574188232422,2.357118606567383,1.1172856092453003,0.1502566933631897
6,100,8,11,9.415658950805664,2.457794666290283,1.1082518100738523,0.1511352956295013
6,100,9,11,9.257158279418944,2.2867934703826904,1.102751851081848,0.1453402191400528
6,100,10,11,9.571195602416992,2.3628058433532715,1.1093981266021729,0.1292201876640319
6,100,11,11,10.00891399383545,2.2492332458496094,1.1074132919311523,0.1263485848903656
7,100,1,11,9.474016189575195,2.4257349967956543,1.0989580154418943,0.1245584636926651
7,100,2,11,8.87134838104248,2.3960883617401123,1.1027953624725342,0.1111862957477569
7,100,3,11,8.297597885131836,2.367440938949585,1.0944509506225586,0.1227009370923042
7,100,4,11,8.770758628845215,2.3531863689422607,1.099340796470642,0.105758860707283
7,100,5,11,8.79765510559082,2.408490896224976,1.0909321308135986,0.1170344650745391
7,100,6,11,8.114814758300781,2.417989730834961,1.101203441619873,0.1020398363471031
7,100,7,11,8.563284873962402,2.3383712768554688,1.0971016883850098,0.0958936139941215
7,100,8,11,8.492595672607422,2.4132864475250244,1.09486985206604,0.0947193056344986
7,100,9,11,8.563996315002441,2.29440975189209,1.092887282371521,0.096595175564289
7,100,10,11,8.571398735046387,2.387186288833618,1.0943994522094729,0.0789279118180275
7,100,11,11,7.972766876220703,2.4153542518615723,1.09183931350708,0.0841880589723587
8,100,1,11,7.943073272705078,2.4435389041900635,1.101388454437256,0.0763848423957824
8,100,2,11,7.940047264099121,2.353107452392578,1.0917178392410278,0.0765198096632957
8,100,3,11,8.300591468811035,2.276605129241944,1.1086390018463137,0.0676193684339523
8,100,4,11,7.822422027587891,2.3057985305786133,1.1061383485794067,0.0665521770715713
8,100,5,11,7.692046642303467,2.374354839324951,1.1097925901412964,0.0665574818849563
8,100,6,11,8.090950012207031,2.4695372581481934,1.1185513734817505,0.0621254667639732
8,100,7,11,7.967374801635742,2.4570648670196533,1.1126506328582764,0.0556509643793106
8,100,8,11,7.646885871887207,2.2379159927368164,1.110838770866394,0.0539165362715721
8,100,9,11,7.580888748168945,2.453263282775879,1.1276741027832031,0.0535105168819427
8,100,10,11,7.953465461730957,2.3088057041168213,1.1167463064193726,0.0536582842469215
8,100,11,11,7.811598777770996,2.4388539791107178,1.141193985939026,0.0473158583045005
9,100,1,11,7.353554725646973,2.21937108039856,1.1236686706542969,0.0450691357254982
9,100,2,11,7.812055587768555,2.497901678085327,1.128185153007507,0.0416887402534484
9,100,3,11,7.92871618270874,2.1633460521698,1.1356316804885864,0.0415508970618248
9,100,4,11,8.084709167480469,2.4755406379699707,1.137784123420715,0.0456294454634189
9,100,5,11,7.553862571716309,2.080709218978882,1.1440811157226562,0.0374321863055229
9,100,6,11,7.43980598449707,2.4316558837890625,1.145699143409729,0.0404111072421073
9,100,7,11,7.2099151611328125,2.1563880443573,1.1341735124588013,0.0375115647912025
9,100,8,11,7.082476615905762,2.3431642055511475,1.1389890909194946,0.0368952602148056
9,100,9,11,6.98970365524292,2.096181154251098,1.1287330389022827,0.0429724231362342
9,100,10,11,6.848855972290039,2.3968002796173096,1.1407904624938965,0.0342463925480842
9,100,11,11,6.071024894714356,2.2175779342651367,1.1296391487121582,0.0333382226526737
10,100,1,11,6.055500984191895,2.505551338195801,1.144046425819397,0.0313049703836441
10,100,2,11,6.247410774230957,2.064078092575073,1.10740065574646,0.0407792255282402
10,100,3,11,6.343750953674316,2.3163270950317383,1.1365044116973877,0.0306087918579578
10,100,4,11,6.36216926574707,2.146253824234009,1.1099379062652588,0.038995049893856
10,100,5,11,6.458860874176025,2.2526180744171143,1.132773518562317,0.0280239917337894
10,100,6,11,6.376071929931641,2.1352643966674805,1.1089004278182983,0.0354731306433677
10,100,7,11,6.241705894470215,2.2799854278564453,1.134171962738037,0.0301188174635171
10,100,8,11,6.587173461914063,2.2420387268066406,1.1177375316619873,0.0299406256526708
10,100,9,11,6.6393723487854,2.262352466583252,1.1277225017547607,0.0280824117362499
10,100,10,11,6.296102523803711,2.191004037857056,1.1149684190750122,0.0282414574176073
10,100,11,11,6.043954849243164,2.291670799255371,1.1399939060211182,0.0299760531634092
11,100,1,11,5.295614242553711,2.135930299758911,1.127973556518555,0.0277932807803154
11,100,2,11,4.9969682693481445,2.1504838466644287,1.1309561729431152,0.0263312365859746
11,100,3,11,5.222181797027588,2.1460483074188232,1.1112545728683472,0.0269654989242553
11,100,4,11,5.944852828979492,2.322455883026123,1.108790636062622,0.0342405028641223
11,100,5,11,5.954346656799316,2.1274046897888184,1.087458252906799,0.0395313277840614
11,100,6,11,5.087739944458008,2.1978089809417725,1.0808954238891602,0.0369509384036064
11,100,7,11,4.668896675109863,2.1718943119049072,1.0471235513687134,0.0375509895384311
11,100,8,11,4.962435722351074,2.223146915435791,1.0346416234970093,0.0384901277720928
11,100,9,11,5.657319068908691,2.12994384765625,1.0475053787231443,0.0333033315837383
11,100,10,11,5.617376327514648,2.2282845973968506,1.038045048713684,0.0317094624042511
11,100,11,11,5.670297622680664,2.1615657806396484,1.0340553522109983,0.0369631238281726
12,100,1,11,6.127224922180176,2.214089155197144,1.054550051689148,0.0308160446584224
12,100,2,11,5.945612907409668,2.24308705329895,1.048189401626587,0.0306035317480564
12,100,3,11,5.315238952636719,2.267432928085327,1.0627751350402832,0.0232581999152898
12,100,4,11,5.027519226074219,2.230221033096313,1.054047465324402,0.0244543831795454
12,100,5,11,5.235301017761231,2.207236766815185,1.0559295415878296,0.0228172354400157
12,100,6,11,5.801023483276367,2.36830735206604,1.0591288805007937,0.0259681325405836
12,100,7,11,5.288168430328369,2.099569320678711,1.0667849779129028,0.0217011142522096
12,100,8,11,4.585773468017578,2.0701749324798584,1.0594741106033323,0.0225931014865636
12,100,9,11,4.083426475524902,2.1460561752319336,1.0707266330718994,0.0221167393028736
12,100,10,11,3.820559024810791,2.1564924716949463,1.065858006477356,0.020448051393032
12,100,11,11,3.925204038619995,2.2144343852996826,1.070238709449768,0.0167420022189617
13,100,1,11,4.085184097290039,2.169076681137085,1.0773534774780271,0.0176027156412601
13,100,2,11,4.208548545837402,2.260537385940552,1.080132007598877,0.0158386025577783
13,100,3,11,4.381349563598633,2.021496534347534,1.077838659286499,0.0184471793472766
13,100,4,11,4.9767255783081055,2.4080519676208496,1.0981733798980713,0.0149318967014551
13,100,5,11,5.275468826293945,2.066774845123291,1.0840345621109009,0.0145281124860048
13,100,6,11,4.779767990112305,2.224005699157715,1.090686559677124,0.016503095626831
13,100,7,11,3.922639846801758,2.128305196762085,1.0857467651367188,0.0143552254885435
13,100,8,11,4.003954887390137,2.204007863998413,1.1052809953689575,0.0155263794586062
13,100,9,11,4.598535537719727,2.0610907077789307,1.0734200477600098,0.0178398508578538
13,100,10,11,4.77367639541626,2.248530149459839,1.084736943244934,0.0154746174812316
13,100,11,11,4.587608337402344,2.13622784614563,1.0685535669326782,0.0184289012104272
14,100,1,11,4.316433429718018,2.2403440475463867,1.0524269342422483,0.0246225036680698
14,100,2,11,4.208301544189453,2.0823748111724854,1.024815320968628,0.0257524996995925
14,100,3,11,4.041045188903809,2.3389968872070312,1.0123569965362549,0.0218974500894546
14,100,4,11,4.050873756408691,2.1226277351379395,0.99692964553833,0.0237386673688888
14,100,5,11,4.12843132019043,2.3282310962677,1.0148894786834717,0.0197635032236576
14,100,6,11,3.885200500488281,2.14026141166687,1.0069820880889893,0.023705905303359
14,100,7,11,3.784627914428711,2.241292953491211,1.0197622776031494,0.0169684514403343
14,100,8,11,3.327364683151245,2.066192626953125,1.0189489126205444,0.0163507238030433
14,100,9,11,3.193573474884033,2.172100305557251,1.0260850191116333,0.0147881004959344
14,100,10,11,3.352506160736084,2.1222691535949707,1.0199800729751587,0.017178189009428
14,100,11,11,3.9413094520568848,2.275631189346313,1.0346088409423828,0.0181281417608261
15,100,1,11,4.163241386413574,2.0460996627807617,1.0286251306533811,0.0160034801810979
15,100,2,11,4.134266376495361,2.2045602798461914,1.0357799530029297,0.0130269844084978
15,100,3,11,3.9201526641845694,1.99555504322052,1.029539704322815,0.0140885300934314
15,100,4,11,3.607234477996826,2.078224897384644,1.0311294794082642,0.0120288841426372
15,100,5,11,3.6414132118225098,1.926784634590149,1.0222033262252808,0.0141600966453552
15,100,6,11,4.210693359375,2.300068616867065,1.0414137840270996,0.0115133356302976
15,100,7,11,4.357078552246094,2.0539183616638184,1.0326435565948486,0.0157522819936275
15,100,8,11,3.82422399520874,2.264183282852173,1.0599085092544556,0.0112495180219411
15,100,9,11,3.679187297821045,2.0384464263916016,1.0491797924041748,0.0152281653136014
15,100,10,11,3.7162952423095694,2.364687919616699,1.0574966669082642,0.0103901755064725
15,100,11,11,3.612277030944824,1.951887845993042,1.058910250663757,0.0087155383080244
16,100,1,11,3.635822057723999,2.189528226852417,1.0615006685256958,0.0086894603446125
16,100,2,11,3.4323949813842773,1.9876912832260127,1.0530949831008911,0.0105236452072858
16,100,3,11,3.456671714782715,2.1915323734283447,1.0582196712493896,0.0094286194071173
16,100,4,11,3.7807867527008057,1.9923572540283203,1.0544086694717407,0.010551618412137
16,100,5,11,4.167162895202637,2.230682134628296,1.058306336402893,0.0109932031482458
16,100,6,11,4.169289588928223,1.9491496086120603,1.0682777166366575,0.0079442858695983
16,100,7,11,3.881354808807373,2.0642921924591064,1.063332438468933,0.0084528466686606
16,100,8,11,3.407267093658448,1.990710973739624,1.0760966539382937,0.0076901726424694
16,100,9,11,3.190903186798096,2.1432347297668457,1.0736089944839478,0.0085482997819781
16,100,10,11,3.3632054328918457,2.100313901901245,1.061245083808899,0.0104632629081606
16,100,11,11,3.380150556564331,2.191456794738769,1.0709325075149536,0.0069368644617497
17,100,1,11,3.5255696773529053,2.0237743854522705,1.071455955505371,0.0090703219175338
17,100,2,11,3.8314194679260254,2.1855759620666504,1.0735807418823242,0.008196230046451
17,100,3,11,3.7081804275512695,2.00715970993042,1.0669138431549072,0.0086044846102595
17,100,4,11,3.3783187866210938,2.2075319290161133,1.0701656341552734,0.0076960232108831
17,100,5,11,3.206291913986206,2.1457345485687256,1.0693395137786863,0.0062315058894455
17,100,6,11,3.645864486694336,2.249403953552246,1.068211555480957,0.0069151148200035
17,100,7,11,4.207682132720947,2.117337465286255,1.0789728164672852,0.0058122538030147
17,100,8,11,3.92708683013916,2.191577672958374,1.0700669288635254,0.0076816203072667
17,100,9,11,3.750204563140869,2.120553970336914,1.0696005821228027,0.0077327131293714
17,100,10,11,3.46103572845459,2.1599957942962646,1.0716184377670288,0.0059056230820715
17,100,11,11,3.3862669467926025,2.1231513023376465,1.0727912187576294,0.0065973736345767
18,100,1,11,4.325583457946777,2.2717113494873047,1.1317685842514038,0.0072174044325947
18,100,2,11,5.138669967651367,1.972865104675293,1.094800591468811,0.0067527880892157
18,100,3,11,4.018678665161133,2.256279468536377,1.0827360153198242,0.0075902817770838
18,100,4,11,3.676044464111328,2.02506947517395,1.0607763528823853,0.0069281430914998
18,100,5,11,4.080649375915527,2.223333835601806,1.0664727687835691,0.0073216976597905
18,100,6,11,3.739081859588623,2.029437065124512,1.047138810157776,0.0148736611008644
18,100,7,11,3.3719778060913086,2.2467827796936035,0.9767194390296936,0.0226451698690652
18,100,8,11,3.2217953205108643,2.026643753051758,0.9195619225502014,0.0251854415982961
18,100,9,11,3.142110824584961,2.1382293701171875,0.8860739469528198,0.0299537722021341
18,100,10,11,2.7579736709594727,2.170344829559326,0.8673243522644043,0.0408231355249881
18,100,11,11,2.357862949371338,2.1843395233154297,0.8587671518325806,0.0600440055131912
19,100,1,11,2.5459139347076416,2.017270803451538,0.9745469689369202,0.0484874173998832
19,100,2,11,2.658975124359131,2.067692279815674,0.9093988537788392,0.0287610776722431
19,100,3,11,2.9638421535491943,2.12505841255188,0.8592290878295898,0.0251185707747936
19,100,4,11,2.822336912155152,2.190455436706543,0.8533056378364563,0.0207376461476087
19,100,5,11,3.4056339263916016,2.0682201385498047,0.8588476181030273,0.0310414843261241
19,100,6,11,3.546925544738769,2.124119520187378,0.8476710915565491,0.0236148536205291
19,100,7,11,2.9559459686279297,2.0323681831359863,0.8497694134712219,0.0268561951816082
19,100,8,11,2.657199621200561,2.1734731197357178,0.8468570709228516,0.0229875668883323
19,100,9,11,2.897062301635742,2.025985717773437,0.8427775502204895,0.0187338329851627
19,100,10,11,3.759212732315064,2.126249074935913,0.8454763293266296,0.0242472663521766
19,100,11,11,3.807263851165772,2.010989189147949,0.842631459236145,0.0191735047847032
20,100,1,11,3.4922242164611816,2.091125011444092,0.8520412445068359,0.0191671401262283
20,100,2,11,3.3141393661499023,2.1455252170562744,0.8550115823745728,0.0242702290415763
20,100,3,11,2.5630526542663574,2.099495887756348,0.8618818521499634,0.0182909816503524
20,100,4,11,2.30581283569336,1.9884700775146484,0.863338828086853,0.0161887556314468
20,100,5,11,2.1777634620666504,2.104121685028076,0.8671530485153198,0.016576400026679
20,100,6,11,2.1863155364990234,2.0485429763793945,0.8675462603569031,0.0154327247291803
20,100,7,11,2.343766927719116,2.041290521621704,0.8702324032783508,0.0170776285231113
20,100,8,11,2.651474475860596,2.137822389602661,0.8743388652801514,0.016878368332982
20,100,9,11,3.2380809783935547,2.192220687866211,0.8763902187347412,0.0141281317919492
20,100,10,11,3.5163536071777344,2.235933303833008,0.8738020658493042,0.0147822834551334
20,100,11,11,3.205048084259033,2.0929300785064697,0.8699327707290649,0.0120610762387514
21,100,1,11,2.8509597778320312,2.202948808670044,0.8787563443183899,0.0141390226781368
21,100,2,11,3.170764446258545,2.148422241210937,0.8765941858291626,0.0147906206548213
21,100,3,11,4.064993858337402,2.141352653503418,0.8917845487594604,0.0136123625561594
21,100,4,11,3.611419677734375,2.209802865982056,0.8904462456703186,0.0117498412728309
21,100,5,11,2.4405765533447266,2.1955935955047607,0.8856646418571472,0.0124130137264728
21,100,6,11,2.3193283081054688,1.9915564060211184,0.8873240351676941,0.0108941830694675
21,100,7,11,2.246057510375977,2.0294077396392822,0.8887439370155334,0.0094449520111083
21,100,8,11,2.1762847900390625,1.989544034004212,0.8823608160018921,0.0119193801656365
21,100,9,11,2.232548475265503,2.0660524368286133,0.8880633115768433,0.0104585085064172
21,100,10,11,2.61719298362732,2.1664397716522217,0.9022764563560486,0.0098896361887454
21,100,11,11,2.9213571548461914,2.125941514968872,0.8905550837516785,0.0080439262092113
22,100,1,11,3.364016532897949,2.0106019973754883,0.8879294395446777,0.0118955383077263
22,100,2,11,3.23931622505188,2.19673752784729,0.8937124609947205,0.0106181446462869
22,100,3,11,2.791399478912353,2.153230905532837,0.8951812982559204,0.0100696831941604
22,100,4,11,2.5305051803588867,2.042547702789306,0.9010035395622252,0.0089199990034103
22,100,5,11,2.7353811264038086,2.100955009460449,0.8922821283340454,0.0091265924274921
22,100,6,11,2.889543056488037,2.0577986240386963,0.9202516674995422,0.0058221579529345
22,100,7,11,2.7736825942993164,2.027672052383423,0.9210823774337769,0.0085998447611927
22,100,8,11,2.5797433853149414,2.063025712966919,0.906423270702362,0.0085669308900833
22,100,9,11,2.206552028656006,1.958653211593628,0.9249327182769777,0.0060869771987199
22,100,10,11,2.019136667251587,2.010638475418091,0.9002331495285034,0.0091454647481441
22,100,11,11,2.120832681655884,2.1818788051605225,0.9030529260635376,0.0115638822317123
23,100,1,11,2.174145221710205,2.064138650894165,0.9675002694129944,0.0142255555838346
23,100,2,11,2.508410930633545,2.1174161434173584,0.8414148092269897,0.0220725424587726
23,100,3,11,2.6555423736572266,2.133910894393921,0.7902517914772034,0.070545993745327
23,100,4,11,2.4055638313293457,2.096182584762573,1.0916686058044434,0.4449975192546844
23,100,5,11,2.9747323989868164,1.99947476387024,1.7882829904556274,0.0054578110575675
23,100,6,11,4.539017677307129,2.058006525039673,1.0671510696411133,0.030330104753375
23,100,7,11,5.020692825317383,2.214298963546753,0.9351276755332948,0.0279462188482284
23,100,8,11,3.749204158782959,2.0904221534729004,0.8672525882720947,0.0226644780486822
23,100,9,11,2.207105159759521,2.0929925441741943,0.8337048888206482,0.0177651718258857
23,100,10,11,2.008378505706787,2.0429012775421143,0.818999707698822,0.0178103074431419
23,100,11,11,2.0293192863464355,2.0395162105560303,0.80413419008255,0.0159853361546993
24,100,1,11,1.9150876998901367,2.1984643936157227,0.7965147495269775,0.016056215390563
24,100,2,11,1.835824728012085,2.064063310623169,0.7928614616394043,0.0162121374160051
24,100,3,11,1.8196489810943604,2.093647003173828,0.7821910977363586,0.0138373151421546
24,100,4,11,1.9642350673675537,2.06235408782959,0.799264132976532,0.014820659533143
24,100,5,11,2.2264535427093506,1.921913146972656,0.7743884921073914,0.0189838297665119
24,100,6,11,2.1477694511413574,1.9997025728225708,0.7477814555168152,0.0162618719041347
24,100,7,11,1.9825834035873413,2.026099681854248,0.7446503043174744,0.0153693696483969
24,100,8,11,1.8953447341918943,2.067222595214844,0.7605797648429871,0.0227563958615064
24,100,9,11,1.782787561416626,2.088763475418091,0.7480946779251099,0.0205613579601049
24,100,10,11,1.8651180267333984,1.9925179481506348,0.7374549508094788,0.0169110298156738
24,100,11,11,2.370711326599121,2.1540398597717285,0.7696388363838196,0.0230036117136478
25,100,1,11,2.5496389865875244,2.0239033699035645,0.7463230490684509,0.0202237777411937
25,100,2,11,2.7572691440582275,2.079169273376465,0.7514591813087463,0.0165309514850378
25,100,3,11,2.353312015533448,2.008705377578736,0.7504458427429199,0.0240339152514934
25,100,4,11,1.8276927471160889,2.0199105739593506,0.7403566837310791,0.016281459480524
25,100,5,11,2.091120719909668,2.099196672439575,0.7502930760383606,0.0182216688990592
25,100,6,11,2.7751002311706543,2.067903518676758,0.7458401918411255,0.0182836167514324
25,100,7,11,2.517522096633911,2.0893754959106445,0.7711612582206726,0.0223729591816663
25,100,8,11,4.330140590667725,2.195525646209717,0.8515391945838928,0.0166842509061098
25,100,9,11,6.084353446960449,2.01006817817688,0.7713936567306519,0.0204034950584173
25,100,10,11,5.074742317199707,2.0988073348999023,0.7395959496498108,0.0202848557382822
25,100,11,11,2.4941892623901367,2.1100339889526367,0.7387744188308716,0.0177734456956386
26,100,1,11,1.905616044998169,2.0201315879821777,0.7390452027320862,0.0196151733398437
26,100,2,11,1.533547282218933,2.073820114135742,0.7264191508293152,0.014646416530013
26,100,3,11,1.6321423053741455,1.9209074974060056,0.7401708960533142,0.0214798673987388
26,100,4,11,1.592827320098877,2.087972640991211,0.7243170142173767,0.0193076934665441
26,100,5,11,1.5174875259399414,1.9822962284088133,0.7224767804145813,0.0199610535055398
26,100,6,11,1.383674144744873,1.992887139320373,0.7238789796829224,0.024275854229927
26,100,7,11,1.3150469064712524,2.114490032196045,0.7030754685401917,0.0369096361100673
26,100,8,11,1.2280656099319458,2.0044844150543213,0.6833576560020447,0.0511247143149375
26,100,9,11,1.2524046897888184,2.0372354984283447,0.6554064750671387,0.0703801065683364
26,100,10,11,1.2163975238800049,2.1029298305511475,0.6357255578041077,0.0921259820461273
26,100,11,11,1.514018416404724,1.94693922996521,0.6365314722061157,0.090114489197731
27,100,1,11,1.9063618183135984,2.108833074569702,0.6155648231506348,0.0441833361983299
27,100,2,11,2.5062880516052246,2.1016993522644043,0.6306273341178894,0.102496325969696
27,100,3,11,2.001759529113769,2.117518663406372,0.6797605752944946,0.1738735735416412
27,100,4,11,2.368119716644287,1.97993004322052,1.0604583024978638,0.0058994428254663
27,100,5,11,2.703193664550781,2.161567449569702,0.8913381695747375,0.0149250468239188
27,100,6,11,5.327486991882324,1.97491455078125,0.7348063588142395,0.0302543081343173
27,100,7,11,6.529304027557373,2.1350464820861816,0.6769148111343384,0.0286719296127557
27,100,8,11,4.128921031951904,2.0380921363830566,0.6272633671760559,0.0300878714770078
27,100,9,11,1.8519524335861208,2.152320384979248,0.6491068601608276,0.0438114777207374
27,100,10,11,1.3898558616638184,2.194636583328247,0.6325958371162415,0.041889950633049
27,100,11,11,1.1244404315948486,2.00373649597168,0.602947473526001,0.0368595793843269
28,100,1,11,1.2157379388809204,1.9837075471878047,0.6299996376037598,0.052726175636053
28,100,2,11,1.1214905977249146,1.9216389656066888,0.5917532444000244,0.0414050221443176
28,100,3,11,1.0823233127593994,2.07538104057312,0.6077870726585388,0.0548284798860549
28,100,4,11,1.150464653968811,1.8985339403152464,0.6138427257537842,0.0475233010947704
28,100,5,11,1.1121350526809692,1.9581577777862549,0.6079061031341553,0.0511630959808826
28,100,6,11,1.099780559539795,2.084457397460937,0.6044149398803711,0.0525835044682025
28,100,7,11,0.9970766305923462,1.980623364448548,0.5887393355369568,0.0400549322366714
28,100,8,11,1.0474201440811155,1.964757323265076,0.597693681716919,0.0538842789828777
28,100,9,11,0.9898251891136168,2.075781345367432,0.5760443210601807,0.0442831590771675
28,100,10,11,1.3649494647979736,2.033854961395264,0.5913826823234558,0.0546591058373451
28,100,11,11,1.946272134780884,2.200085163116455,0.5927628874778748,0.0508326031267643
29,100,1,11,1.954395174980164,2.0743517875671387,0.5692124366760254,0.0614202246069908
29,100,2,11,2.5286715030670166,2.1914119720458984,0.5935264229774475,0.1035420149564743
29,100,3,11,1.8190534114837649,1.905928134918213,0.6039767265319824,0.0709357112646102
29,100,4,11,1.2746901512145996,1.9606497287750244,0.6190320253372192,0.01350924000144
29,100,5,11,1.3030928373336792,1.941444993019104,0.6346113085746765,0.0343394353985786
29,100,6,11,1.5023143291473389,1.905239462852478,0.596207857131958,0.0321896262466907
29,100,7,11,1.5704824924468994,2.029150485992432,0.5990583896636963,0.0355335921049118
29,100,8,11,1.3899710178375244,2.150494337081909,0.5815832614898682,0.0392409302294254
29,100,9,11,1.2613471746444702,1.960469126701355,0.5991086363792419,0.0523167885839939
29,100,10,11,1.3490641117095947,1.96534276008606,0.594577431678772,0.069502867758274
29,100,11,11,1.339716911315918,2.020944833755493,0.5917199850082397,0.101862758398056
30,100,1,11,1.8930093050003047,2.083413362503052,0.5829583406448364,0.120452880859375
30,100,2,11,2.544893264770508,1.933637261390686,0.8278510570526123,0.0088857216760516
30,100,3,11,3.008806705474853,2.132178544998169,0.7914210557937622,0.0089323567226529
30,100,4,11,3.2453746795654297,2.02202582359314,0.6651209592819214,0.0419147498905658
30,100,5,11,3.115978956222534,1.973268985748291,0.6194499731063843,0.0483631826937198
30,100,6,11,1.9172813892364504,2.000397205352783,0.5980414152145386,0.0445921272039413
30,100,7,11,1.145139455795288,1.985127091407776,0.5734435319900513,0.0441402643918991
30,100,8,11,1.1832096576690674,1.993257761001587,0.5723045468330383,0.040955513715744
30,100,9,11,1.3286495208740234,1.9881861209869385,0.5958316922187805,0.0623911656439304
30,100,10,11,1.4050166606903076,2.081719398498535,0.6316357851028442,0.0401633456349372
30,100,11,11,1.0427281856536863,1.9817402362823489,0.5655304193496704,0.0366577878594398
31,100,1,11,1.344985008239746,2.076565742492676,0.5740470886230469,0.0455468297004699
31,100,2,11,1.1721320152282717,2.119565010070801,0.5654667019844055,0.0472131259739398
31,100,3,11,1.0488765239715576,2.009636640548706,0.5511330962181091,0.0424668714404106
31,100,4,11,1.382323980331421,2.140945672988892,0.5622140765190125,0.0494183972477912
31,100,5,11,2.2408080101013184,2.023932456970215,0.5735219120979309,0.0414812788367271
31,100,6,11,1.8934862613677976,2.074155807495117,0.5710479617118835,0.0590981096029281
31,100,7,11,1.7126400470733645,2.023475646972656,0.5825273990631104,0.0324392765760421
31,100,8,11,1.4741060733795166,1.9643921852111816,0.5776981115341187,0.0501498952507972
31,100,9,11,1.1263017654418943,2.0421082973480225,0.557537853717804,0.0416881218552589
31,100,10,11,1.1631369590759275,2.0003788471221924,0.5677763819694519,0.0455616936087608
31,100,11,11,1.199072003364563,2.060542106628418,0.5389916300773621,0.0340771041810512
32,100,1,11,1.8127555847167969,2.023178815841675,0.5758610963821411,0.0623174235224723
32,100,2,11,2.0720326900482178,1.9670251607894893,0.5951331853866577,0.0254989489912986
32,100,3,11,2.1902856826782227,2.185495615005493,0.5760402083396912,0.0413373708724975
32,100,4,11,2.2879226207733154,2.1150710582733154,0.5601822137832642,0.0426292270421981
32,100,5,11,1.4904193878173828,1.9830992221832275,0.5395225882530212,0.0400092303752899
32,100,6,11,1.3459320068359375,2.0132715702056885,0.5672719478607178,0.0495862811803817
32,100,7,11,1.152632713317871,2.033665418624878,0.5373014807701111,0.0271696485579013
32,100,8,11,1.4450392723083496,1.9820923805236816,0.5845984816551208,0.0544239804148674
32,100,9,11,1.174761176109314,1.9680262804031368,0.5744316577911377,0.0282906107604503
32,100,10,11,1.083573579788208,2.0444657802581787,0.5635584592819214,0.034456230700016
32,100,11,11,0.9726877808570862,2.0672781467437744,0.5387484431266785,0.0366032272577285
33,100,1,11,1.3381853103637695,2.053213596343994,0.5989267230033875,0.0726254507899284
33,100,2,11,1.5121980905532837,2.066330671310425,0.6219373345375061,0.0082228695973753
33,100,3,11,2.1625547409057617,2.0307281017303467,0.615391731262207,0.0243532657623291
33,100,4,11,3.132164239883423,2.099542617797852,0.5816638469696045,0.0248096846044063
33,100,5,11,2.8477556705474854,2.062238931655884,0.5719180703163147,0.028630144894123
33,100,6,11,1.5322065353393557,1.959730863571167,0.5590100884437561,0.0373666733503341
33,100,7,11,1.3137240409851074,1.9730900526046755,0.5422753095626831,0.0303280819207429
33,100,8,11,1.350536584854126,2.025184631347656,0.5647854804992676,0.0469949394464492
33,100,9,11,1.0850147008895874,1.9524039030075075,0.5578866600990295,0.021339850500226
33,100,10,11,1.0440115928649902,1.9498602151870728,0.5565341711044312,0.0368513241410255
33,100,11,11,1.0297088623046875,1.9999914169311523,0.5468472242355347,0.0407406836748123
34,100,1,11,1.096631407737732,1.9593513011932373,0.5448160171508789,0.0416594743728637
34,100,2,11,1.1690062284469604,1.998491287231445,0.5549231171607971,0.0570921041071414
34,100,3,11,1.0761666297912598,2.0861332416534424,0.5515874624252319,0.0156708359718322
34,100,4,11,1.6141242980957031,1.926105618476868,0.5591942667961121,0.0329811871051788
34,100,5,11,2.1261179447174072,2.1613893508911133,0.5859111547470093,0.0611516237258911
34,100,6,11,1.8985145092010496,2.0230581760406494,0.634734570980072,0.0067917522974312
34,100,7,11,1.6350016593933103,2.0393929481506348,0.6307311654090881,0.0144399013370275
34,100,8,11,2.068591833114624,1.908785104751587,0.6016285419464111,0.0184372570365667
34,100,9,11,1.563528299331665,2.056459903717041,0.5552446842193604,0.0163696352392435
34,100,10,11,1.7609612941741943,1.9832861423492432,0.5750816464424133,0.019768513739109
34,100,11,11,2.088706493377685,2.193809747695923,0.5995089411735535,0.0262019969522953
35,100,1,11,1.6058049201965332,1.9389822483062744,0.5531349182128906,0.0220372229814529
35,100,2,11,1.3461707830429075,1.9993234872817995,0.5524062514305115,0.0287274904549121
35,100,3,11,1.4956157207489014,1.9028719663619995,0.5352210402488708,0.0289684664458036
35,100,4,11,2.2125935554504395,2.1375415325164795,0.6755635142326355,0.0410803481936454
35,100,5,11,3.491807699203491,1.865140080451965,0.5909868478775024,0.0324395187199115
35,100,6,11,4.65986967086792,2.1589431762695312,0.5775499939918518,0.0387140065431594
35,100,7,11,3.4896044731140137,1.9902037382125848,0.5704938173294067,0.0415379106998443
35,100,8,11,2.7683358192443848,2.0223538875579834,0.5471827983856201,0.0392264351248741
35,100,9,11,3.1697139739990234,2.047631025314331,0.5611622333526611,0.0491232760250568
35,100,10,11,2.408366203308105,2.163094282150269,0.529277503490448,0.0322462581098079
35,100,11,11,1.383981227874756,1.9366018772125244,0.5282034277915955,0.0563536994159221
36,100,1,11,1.1126912832260132,2.0466761589050293,0.5976606607437134,0.1628039479255676
36,100,2,11,1.01725971698761,1.9950165748596191,0.9020441770553588,0.0092998724430799
36,100,3,11,1.2786489725112915,2.0245134830474854,0.859389066696167,0.0039132717065513
36,100,4,11,0.9802027940750122,2.066477537155152,0.6573554277420044,0.0045841122046113
36,100,5,11,1.077118158340454,1.890824317932129,0.6377573609352112,0.007543905172497
36,100,6,11,0.9639173746109008,2.0640528202056885,0.6038800477981567,0.0066328542307019
36,100,7,11,0.9915831089019777,1.9882789850234983,0.6018527746200562,0.0086061581969261
36,100,8,11,1.0236696004867554,2.064089059829712,0.5957540273666382,0.0094518940895795
36,100,9,11,1.007081151008606,1.9619961977005005,0.5757237672805786,0.0094269132241606
36,100,10,11,1.176220417022705,2.031477212905884,0.5768849849700928,0.011403601616621
36,100,11,11,1.336081862449646,2.011558532714844,0.5741903185844421,0.0116189336404204
37,100,1,11,1.601482629776001,2.140379905700684,0.5735265016555786,0.0149460099637508
37,100,2,11,1.8850042819976809,1.990828514099121,0.5773094892501831,0.0160750336945056
37,100,3,11,1.4357622861862185,2.007416248321533,0.586449384689331,0.0177289880812168
37,100,4,11,1.012006402015686,2.0757598876953125,0.5420945286750793,0.0143142035230994
37,100,5,11,1.0857658386230469,2.033095359802246,0.5602025985717773,0.0154978297650814
37,100,6,11,1.1282944679260254,1.9357117414474487,0.5634799003601074,0.0175091344863176
37,100,7,11,1.2326843738555908,1.9830595254898071,0.5767495632171631,0.0206831693649292
37,100,8,11,1.1429738998413086,2.1487154960632324,0.5524671673774719,0.0156959313899278
37,100,9,11,1.2460381984710691,1.960966944694519,0.5408483147621155,0.0131346452981233
37,100,10,11,1.382829666137695,2.0605270862579346,0.5511400699615479,0.0143225584179162
37,100,11,11,1.6460013389587402,2.053211212158203,0.5729912519454956,0.0184083469212055
38,100,1,11,1.488603949546814,1.9285318851470947,0.567040205001831,0.017311118543148
38,100,2,11,1.4064536094665527,2.07708740234375,0.5625521540641785,0.0169498603790998
38,100,3,11,1.7169849872589111,2.1208674907684326,0.5610809326171875,0.0165707170963287
38,100,4,11,1.987632751464844,1.9460539817810056,0.5618857741355896,0.0163236875087022
38,100,5,11,1.889068841934204,2.101409673690796,0.5484405755996704,0.015465123578906
38,100,6,11,1.9697749614715576,2.05776596069336,0.5739274621009827,0.0170616544783115
38,100,7,11,1.804099440574646,2.0235369205474854,0.5674867033958435,0.0213372819125652
38,100,8,11,1.2587532997131348,2.037525653839112,0.5530380606651306,0.0187323093414306
38,100,9,11,1.3506628274917605,1.9281935691833496,0.5750603675842285,0.0217799935489892
38,100,10,11,1.2363834381103516,1.9340782165527344,0.5615720152854919,0.020188694819808
38,100,11,11,1.0169676542282104,2.023790121078491,0.5445424318313599,0.017515942454338
39,100,1,11,1.038120985031128,2.0751984119415283,0.5538750290870667,0.0187232568860054
39,100,2,11,1.020763635635376,2.0535881519317627,0.5472854375839233,0.0169502366334199
39,100,3,11,1.1256797313690186,2.0622787475585938,0.5689644813537598,0.0189568102359771
39,100,4,11,0.9408355951309204,1.9209401607513428,0.5436129570007324,0.0143027957528829
39,100,5,11,1.0305836200714111,2.0538012981414795,0.5567935705184937,0.0177383162081241
39,100,6,11,1.1927361488342283,1.937590718269348,0.551768958568573,0.0166850164532661
39,100,7,11,1.652430534362793,1.9355324506759644,0.5647179484367371,0.0188710186630487
39,100,8,11,1.6023101806640625,2.071083307266236,0.5562101602554321,0.0178966782987117
39,100,9,11,1.646838665008545,1.9279969930648804,0.5752145051956177,0.0280031077563762
39,100,10,11,2.4250099658966064,2.09082579612732,0.5707753896713257,0.017272412776947
39,100,11,11,2.6675167083740234,2.1209566593170166,0.5559554100036621,0.0160148423165082
40,100,1,11,2.359976291656494,1.92405104637146,0.5597286820411682,0.0165049061179161
40,100,2,11,1.7884516716003418,1.933236837387085,0.5681235790252686,0.018092256039381
40,100,3,11,1.0775089263916016,2.016765117645264,0.5444744825363159,0.0160102527588605
40,100,4,11,1.1070314645767212,2.13634729385376,0.5581722259521484,0.0226326771080493
40,100,5,11,0.9795175790786744,2.078032732009888,0.5462043881416321,0.015103705227375
40,100,6,11,1.0565941333770752,1.9923186302185056,0.5596751570701599,0.0248101186007261
40,100,7,11,1.0136898756027222,1.9628150463104248,0.54352205991745,0.0148255322128534
40,100,8,11,0.94008207321167,2.019014596939087,0.5506466031074524,0.0197036191821098
40,100,9,11,0.9273790121078492,1.9607455730438232,0.5413072109222412,0.0134236626327037
40,100,10,11,1.0782523155212402,2.1075592041015625,0.5634880065917969,0.0192658770829439
40,100,11,11,1.1044598817825315,1.897998332977295,0.5533838868141174,0.015386376529932
41,100,1,11,1.2153496742248535,2.066664218902588,0.5857653021812439,0.0177148599177598
41,100,2,11,1.3931196928024292,1.9904136657714844,0.5723381042480469,0.0213616974651813
41,100,3,11,1.6292510032653809,2.1282429695129395,0.5566979646682739,0.0204184353351593
41,100,4,11,1.9738945960998533,1.956526517868042,0.5562649369239807,0.0150663275271654
41,100,5,11,1.4590601921081543,2.0849087238311768,0.5504077076911926,0.0154729317873716
41,100,6,11,1.2212350368499756,1.9672590494155884,0.5497761964797974,0.0167175009846687
41,100,7,11,1.5534374713897705,1.983449101448059,0.5395636558532715,0.0156598556786775
41,100,8,11,1.911947250366211,1.987711429595948,0.5452141761779785,0.0129329562187194
41,100,9,11,1.9822800159454343,2.0034329891204834,0.5702065229415894,0.0175286047160625
41,100,10,11,1.3287274837493896,1.993279218673706,0.561217188835144,0.0139566920697689
41,100,11,11,1.104290246963501,1.9644992351531985,0.5635766983032227,0.0174997523427009
42,100,1,11,1.0733187198638916,1.8938230276107788,0.5419420003890991,0.0132273035123944
42,100,2,11,1.4149281978607178,1.9359638690948489,0.5871424674987793,0.021864827722311
42,100,3,11,2.198331356048584,2.1570687294006348,0.5956539511680603,0.0232308954000473
42,100,4,11,2.838001251220703,2.121880292892456,0.5670756697654724,0.0289641395211219
42,100,5,11,1.496845006942749,2.096737861633301,0.5748883485794067,0.0053599458187818
42,100,6,11,1.3890020847320557,2.067569732666016,0.5680652856826782,0.0100641474127769
42,100,7,11,1.1445521116256714,2.040011167526245,0.570429265499115,0.0110091399401426
42,100,8,11,1.0372463464736938,1.979595422744751,0.5553416609764099,0.0103218173608183
42,100,9,11,1.0218942165374756,1.9949049949646,0.5691882967948914,0.0109172090888023
42,100,10,11,1.1268587112426758,2.0184338092803955,0.566788911819458,0.0125471614301204
42,100,11,11,0.9785817861557008,1.9415650367736816,0.5522447824478149,0.0096406955271959
43,100,1,11,1.06674063205719,2.1504056453704834,0.5604920387268066,0.0131510011851787
43,100,2,11,1.127834439277649,2.018669366836548,0.5631254315376282,0.0158022809773683
43,100,3,11,1.218684196472168,1.9848641157150269,0.5726076364517212,0.0149617251008749
43,100,4,11,1.143892526626587,2.059046030044556,0.5733881592750549,0.0154709545895457
43,100,5,11,1.1436587572097778,1.989451885223389,0.5523325204849243,0.0095651885494589
43,100,6,11,1.542249083518982,2.1620748043060303,0.5904064178466797,0.0093459850177168
43,100,7,11,1.7996094226837158,2.024676322937012,0.5648007392883301,0.0141407791525125
43,100,8,11,2.565810203552246,2.016072988510132,0.5556172728538513,0.0105443773791193
43,100,9,11,2.6619458198547363,1.96859073638916,0.569631814956665,0.0097400527447462
43,100,10,11,1.648584485054016,2.0585055351257324,0.559034526348114,0.0099925510585308
43,100,11,11,1.5674245357513428,1.96048641204834,0.561062216758728,0.0095681268721818
44,100,1,11,1.3654561042785645,2.01382827758789,0.5564707517623901,0.0100795989856123
44,100,2,11,1.0820504426956177,2.042221784591675,0.5606043338775635,0.0076626073569059
44,100,3,11,1.2733453512191772,2.103292465209961,0.5953570604324341,0.0137770464643836
44,100,4,11,1.083102464675903,1.9934852123260496,0.5763105750083923,0.0104876216500997
44,100,5,11,1.213364601135254,1.989637017250061,0.5939335227012634,0.0128720961511135
44,100,6,11,1.0614774227142334,2.027221918106079,0.5764479041099548,0.0083743194118142
44,100,7,11,1.1435463428497314,2.0393950939178467,0.5789045691490173,0.0107100354507565
44,100,8,11,1.1915125846862793,2.027780771255493,0.5714167356491089,0.0092396391555666
44,100,9,11,1.1905763149261477,1.9324555397033687,0.5628178715705872,0.0111364740878343
44,100,10,11,1.1713297367095947,1.9781447649002075,0.5581357479095459,0.0079206367954611
44,100,11,11,1.2586442232131958,1.980954885482788,0.564603865146637,0.0096991155296564
45,100,1,11,1.1403895616531372,1.998160719871521,0.5671886801719666,0.0088615082204341
45,100,2,11,1.9238948822021484,1.980655312538147,0.5780277252197266,0.0116480235010385
45,100,3,11,1.9765374660491943,2.055494546890259,0.5647749900817871,0.0075236205011606
45,100,4,11,1.3996624946594238,1.9560726881027224,0.5791776180267334,0.0089659690856933
45,100,5,11,3.0349035263061523,2.233093738555908,0.5992769598960876,0.0071790553629398
45,100,6,11,3.4413094520568848,1.938575267791748,0.5887469053268433,0.0093936156481504
45,100,7,11,2.595196008682251,1.9964054822921755,0.5815662741661072,0.0086872540414333
45,100,8,11,1.4292778968811035,1.9790902137756348,0.5737180113792419,0.0050044725649058
45,100,9,11,1.570735216140747,2.102874994277954,0.5937396287918091,0.0099207758903503
45,100,10,11,1.2575801610946655,1.9851783514022827,0.57506263256073,0.0069400207139551
45,100,11,11,1.0975359678268433,2.010947704315185,0.5661054253578186,0.0065472782589495
46,100,1,11,1.116440773010254,2.0943078994750977,0.5806745290756226,0.008345890790224
46,100,2,11,1.0695736408233645,1.993236064910889,0.5790523290634155,0.0070316242054104
46,100,3,11,0.9589262008666992,1.976306676864624,0.559307873249054,0.005780013743788
46,100,4,11,1.0286626815795898,2.035433292388916,0.570773720741272,0.0071691311895847
46,100,5,11,0.8929385542869568,1.9515037536621087,0.5531399846076965,0.006005463656038
46,100,6,11,1.0501559972763062,1.9238816499710083,0.5742955207824707,0.0082598906010389
46,100,7,11,1.1223173141479492,2.0627012252807617,0.5806066989898682,0.0077425190247595
46,100,8,11,1.1598566770553589,2.032433032989502,0.5700000524520874,0.0068688127212226
46,100,9,11,1.2444978952407837,1.967838883399964,0.5756984353065491,0.0068078078329563
46,100,10,11,1.1373111009597778,1.9026672840118408,0.5737043619155884,0.0079587176442146
46,100,11,11,1.2833399772644043,2.150275468826294,0.5751602053642273,0.0068505695089697
47,100,1,11,1.2895562648773191,2.0311453342437744,0.5754351615905762,0.006813685875386
47,100,2,11,1.1326687335968018,2.0066702365875244,0.5677445530891418,0.0061313458718359
47,100,3,11,1.057315707206726,2.0502405166625977,0.5752537846565247,0.0067199626937508
47,100,4,11,1.0558407306671145,2.083049058914185,0.5674143433570862,0.0076246317476034
47,100,5,11,1.0466190576553345,1.953720211982727,0.5667741894721985,0.008248059079051
47,100,6,11,1.5951011180877686,1.9962091445922847,0.5685791373252869,0.008097194135189
47,100,7,11,3.0272254943847656,2.033236265182495,0.6969459652900696,0.011939100921154
47,100,8,11,3.792607069015503,2.0684597492218018,0.6110448837280273,0.0117269251495599
47,100,9,11,6.537322044372559,2.047990322113037,0.5911888480186462,0.010711109265685
47,100,10,11,3.3155517578125,1.9359642267227173,0.5741950273513794,0.0085199167951941
47,100,11,11,1.3358429670333862,1.9982892274856567,0.5638879537582397,0.0079290326684713
48,100,1,11,1.154783010482788,2.076127052307129,0.5731695294380188,0.0103278830647468
48,100,2,11,1.08857262134552,1.9669365882873533,0.568538248538971,0.0106558399274945
48,100,3,11,1.1167809963226318,2.005601167678833,0.5795856714248657,0.0128170698881149
48,100,4,11,1.0867904424667358,2.0512795448303223,0.5710830092430115,0.0146241970360279
48,100,5,11,1.1250280141830444,2.1462390422821045,0.5927484035491943,0.0270427893847227
48,100,6,11,1.017487406730652,2.05068588256836,0.6988444328308105,0.0001058911147993
48,100,7,11,1.310458779335022,1.972547054290772,0.8424656987190247,0.000422223994974
48,100,8,11,0.8582372665405273,2.060091733932495,0.6827346682548523,0.0015956757124513
48,100,9,11,0.8665335178375244,1.9903137683868408,0.6382436752319336,0.002632861258462
48,100,10,11,0.9121886491775512,2.0426135063171387,0.6252015233039856,0.0024712323211133
48,100,11,11,0.9469460844993592,1.9783855676651,0.6064003705978394,0.0019948275294154
49,100,1,11,0.9430547952651978,2.009985446929932,0.592718780040741,0.0023831282742321
49,100,2,11,0.9934215545654296,1.890594244003296,0.5922967195510864,0.0020862484816461
49,100,3,11,0.9393105506896972,2.1121633052825928,0.5843963027000427,0.0031235096976161
49,100,4,11,1.179332613945007,1.9360761642456048,0.6032153964042664,0.0036867125891149
49,100,5,11,1.0277817249298096,2.028983354568481,0.5774809122085571,0.0037022398319095
49,100,6,11,1.222759485244751,1.895933985710144,0.5806363821029663,0.0045296382158994
49,100,7,11,1.132197022438049,2.0007991790771484,0.5689026117324829,0.0058044949546456
49,100,8,11,1.2221133708953855,1.9720607995986936,0.5741180777549744,0.0068705044686794
49,100,9,11,1.4484174251556396,2.0686020851135254,0.5790795087814331,0.0069399485364556
49,100,10,11,1.5839800834655762,2.022651672363281,0.5684511065483093,0.0085127707570791
49,100,11,11,1.53907310962677,2.1021175384521484,0.5602802634239197,0.0074444632045924
50,100,1,11,1.6310901641845703,1.974528431892395,0.5664651393890381,0.0084774931892752
50,100,2,11,1.5260887145996094,2.035470485687256,0.5587186813354492,0.0072123715654015
50,100,3,11,1.3958697319030762,2.070249557495117,0.5514487624168396,0.0081005282700061
50,100,4,11,1.4790122509002686,2.043757677078247,0.5853623747825623,0.0106887426227331
50,100,5,11,1.2605764865875244,2.063475608825684,0.5477089285850525,0.0080853644758462
50,100,6,11,1.3694288730621338,2.0316877365112305,0.5661998987197876,0.0084858443588018
50,100,7,11,1.288341760635376,2.026406764984131,0.5499501824378967,0.0092221554368734
50,100,8,11,1.3542213439941406,2.0712337493896484,0.5539992451667786,0.0090748192742466
50,100,9,11,1.1887909173965454,1.9773318767547607,0.5624515414237976,0.0128982365131378
50,100,10,11,1.0995036363601685,1.973469853401184,0.5731858015060425,0.0233528949320316
50,100,11,11,1.063509225845337,2.0186755657196045,0.6345816850662231,9.17818397283554e-05
51,100,1,11,1.370316982269287,2.006057977676392,0.8047774434089661,0.000454828958027
51,100,2,11,1.2795188426971436,2.1441712379455566,0.6635293364524841,0.0023211776278913
51,100,3,11,1.4228739738464355,2.049272298812866,0.6201363205909729,0.0035912413150072
51,100,4,11,1.3223764896392822,1.9116605520248413,0.5793218016624451,0.0023239846341311
51,100,5,11,1.872854709625244,2.106566905975342,0.5826174020767212,0.001962405629456
51,100,6,11,1.5083470344543457,1.961783528327942,0.5810754895210266,0.0029209926724433
51,100,7,11,0.9983704090118408,2.0603065490722656,0.5735669732093811,0.0032292543910443
51,100,8,11,1.0192612409591677,1.9970017671585083,0.5741154551506042,0.0038153431378304
51,100,9,11,1.1151612997055054,2.074906349182129,0.5866329669952393,0.0052637606859207
51,100,10,11,1.011510729789734,2.0869228839874268,0.5752619504928589,0.0051522962749004
51,100,11,11,1.0680863857269287,1.9543110132217407,0.5756518244743347,0.0059565789997577
52,100,1,11,1.2030770778656006,1.957399606704712,0.5774745941162109,0.0067637274041771
52,100,2,11,1.1257318258285522,1.9971098899841309,0.5647513270378113,0.0050866995006799
52,100,3,11,1.137301683425903,2.111637115478516,0.5480377078056335,0.0043835402466356
52,100,4,11,1.2408459186553955,2.0902507305145264,0.5660130381584167,0.0057638259604573
52,100,5,11,1.1012442111968994,1.945856571197509,0.5605371594429016,0.005379366222769
52,100,6,11,1.329384684562683,2.032411336898804,0.5638281106948853,0.0058539719320833
52,100,7,11,1.4325416088104248,1.9593900442123413,0.5604203939437866,0.0065494300797581
52,100,8,11,1.6519349813461304,2.1449010372161865,0.5618810057640076,0.0079011209309101
52,100,9,11,3.3772902488708496,2.16634464263916,0.5551427006721497,0.0073669585399329
52,100,10,11,1.8851773738861084,1.97950291633606,0.5450058579444885,0.0059871696867048
52,100,11,11,1.1990256309509275,1.9866818189620967,0.5755736827850342,0.0082786595448851
53,100,1,11,0.9581260681152344,2.013227939605713,0.5618316531181335,0.0053276387043297
53,100,2,11,1.1581608057022097,2.134498119354248,0.5818831324577332,0.0116767501458525
53,100,3,11,1.0470781326293943,2.030397653579712,0.5628675222396851,0.0091973859816789
53,100,4,11,1.0627394914627075,2.0231499671936035,0.5615662932395935,0.0091983843594789
53,100,5,11,1.0189597606658936,2.0203890800476074,0.5537782907485962,0.0069354935549199
53,100,6,11,1.162493109703064,1.9509066343307493,0.5763166546821594,0.0088738715276122
53,100,7,11,1.2615742683410645,1.9080134630203247,0.5548240542411804,0.0074694561772048
53,100,8,11,1.427466630935669,1.94349467754364,0.5743060111999512,0.0089001515880227
53,100,9,11,1.2107630968093872,2.1027660369873047,0.5793978571891785,0.00788717251271
53,100,10,11,1.2155839204788208,2.0167198181152344,0.5493369102478027,0.0055899475701153
53,100,11,11,1.98379385471344,2.0699987411499023,0.56510990858078,0.0060644913464784
54,100,1,11,2.407738447189331,2.024754524230957,0.5641784071922302,0.0050658122636377
54,100,2,11,1.945019483566284,1.985356569290161,0.5638145804405212,0.0069743548519909
54,100,3,11,1.1616265773773191,2.043841361999512,0.5646352767944336,0.0077622588723897
54,100,4,11,0.9710333943367004,2.06354022026062,0.5568940043449402,0.0075124483555555
54,100,5,11,1.143294334411621,2.0389769077301025,0.5780210494995117,0.0070651764981448
54,100,6,11,1.0835275650024414,1.99789297580719,0.5611202120780945,0.0078484844416379
54,100,7,11,1.0445936918258667,2.082301378250122,0.5532025098800659,0.0067221755161881
54,100,8,11,1.101048469543457,1.9674882888793943,0.5639073252677917,0.0066560134291648
54,100,9,11,1.2637929916381836,2.033958196640014,0.5709136128425598,0.0070725083351135
54,100,10,11,1.173161506652832,2.1665964126586914,0.570975124835968,0.0071433838456869
54,100,11,11,1.2602365016937256,1.975431203842163,0.5703546404838562,0.0076505942270159
55,100,1,11,1.1143829822540283,2.0708673000335693,0.5575278401374817,0.0066877026110887
55,100,2,11,1.2024807929992676,2.0231075286865234,0.5558707118034363,0.0058817043900489
55,100,3,11,1.3757705688476562,1.997292399406433,0.5817747712135315,0.0084914173930883
55,100,4,11,1.2630388736724854,1.892228841781616,0.5686472058296204,0.0078343134373426
55,100,5,11,1.036607265472412,2.072417736053467,0.5493435859680176,0.0068608624860644
55,100,6,11,1.113693118095398,2.095688343048096,0.5605642199516296,0.0088385567069053
55,100,7,11,1.203661561012268,1.9348173141479488,0.5742818117141724,0.0102296136319637
55,100,8,11,1.2022268772125244,2.047410726547241,0.5580764412879944,0.008782560005784
55,100,9,11,1.2805423736572266,1.9843732118606567,0.5733024477958679,0.0061727715656161
55,100,10,11,1.2236908674240112,2.0527937412261963,0.5830369591712952,0.0104790292680263
55,100,11,11,1.183465600013733,1.9261038303375244,0.5693559646606445,0.0053794966079294
56,100,1,11,1.4954025745391846,2.191724300384521,0.6459242701530457,0.0060116751119494
56,100,2,11,2.122351884841919,2.077931880950928,0.5975145101547241,0.0067223254591226
56,100,3,11,2.2950916290283203,2.039003372192383,0.5622219443321228,0.0047130570746958
56,100,4,11,2.2647438049316406,1.9846975803375244,0.5847266316413879,0.0053599821403622
56,100,5,11,1.5306583642959597,2.108827352523804,0.5669084191322327,0.0030297706834971
56,100,6,11,1.202340602874756,1.9778966903686523,0.5787639021873474,0.0038028585258871
56,100,7,11,1.2321913242340088,2.0392422676086426,0.5827264785766602,0.0058248122222721
56,100,8,11,1.176306962966919,2.0442123413085938,0.5814195871353149,0.0056943348608911
56,100,9,11,1.2053831815719604,1.9945082664489744,0.5776488184928894,0.0073556452989578
56,100,10,11,1.1364922523498535,2.04262638092041,0.5795619487762451,0.0068297297693789
56,100,11,11,1.0625262260437012,2.011347532272339,0.5735241770744324,0.006578825879842
57,100,1,11,1.1175408363342283,2.060190439224243,0.5823088884353638,0.0059763980098068
57,100,2,11,1.0264142751693726,1.975139856338501,0.560595691204071,0.0037050922401249
57,100,3,11,1.0932341814041138,2.0662882328033447,0.5798731446266174,0.0034486930817365
57,100,4,11,1.0083951950073242,1.9385243654251096,0.573481023311615,0.0033269594423472
57,100,5,11,1.0911600589752195,2.108804225921631,0.5846561193466187,0.0035633156076073
57,100,6,11,1.1232852935791016,1.9162861108779907,0.5767838954925537,0.0026040007360279
57,100,7,11,1.4314144849777222,2.0956032276153564,0.5965018272399902,0.0021018318366259
57,100,8,11,1.493630290031433,2.022944211959839,0.5865178108215332,0.0025135856121778
57,100,9,11,1.3659582138061523,2.0662384033203125,0.6016754508018494,0.0028620976954698
57,100,10,11,1.1232000589370728,2.037067174911499,0.5875334739685059,0.0029286751523613
57,100,11,11,1.169825792312622,2.0668745040893555,0.5830131769180298,0.0024991873651742
58,100,1,11,1.351785659790039,2.0578761100769043,0.5990846157073975,0.003428308526054
58,100,2,11,1.2310843467712402,2.1222994327545166,0.5828331112861633,0.0026368063408881
58,100,3,11,1.209431529045105,1.8218684196472168,0.5862394571304321,0.0030055209062993
58,100,4,11,1.4341901540756226,2.175143480300904,0.5811449289321899,0.0023712483234703
58,100,5,11,1.5157620906829834,2.042688369750977,0.5954081416130066,0.0035131841432303
58,100,6,11,4.779006004333496,2.1814494132995605,0.6905754804611206,0.0018895138055086
58,100,7,11,4.148563385009766,2.0974538326263428,0.5988264083862305,0.0017766089877113
58,100,8,11,2.121365785598755,2.000437498092652,0.595285177230835,0.0034977588802576
58,100,9,11,1.612656831741333,2.067845106124878,0.6000019311904907,0.0028681221883744
58,100,10,11,1.2271201610565186,1.934700965881348,0.5958756804466248,0.002457192633301
58,100,11,11,1.127354860305786,2.0551202297210693,0.593262255191803,0.0026801899075508
59,100,1,11,1.012341856956482,2.052112102508545,0.583186686038971,0.0023837867192924
59,100,2,11,1.0360482931137085,1.9716475009918213,0.5929736495018005,0.002857819199562
59,100,3,11,1.067091941833496,2.1453516483306885,0.5859221816062927,0.0029194736853241
59,100,4,11,0.9406337738037108,2.101773262023926,0.5748730897903442,0.001928087323904
59,100,5,11,1.0611777305603027,1.9381625652313232,0.5851762890815735,0.0020355801098048
59,100,6,11,1.0223774909973145,2.0525689125061035,0.5819271802902222,0.0034657400101423
59,100,7,11,1.0807846784591677,2.0584633350372314,0.5825874209403992,0.0177286136895418
59,100,8,11,1.0828096866607666,2.0217490196228027,0.9269927740097046,0.3953162431716919
59,100,9,11,0.9361117482185364,2.009678363800049,8.836702346801758,0.0038237834814935
59,100,10,11,2.4924511909484863,2.0813241004943848,1.1247118711471558,0.9307721257209778
59,100,11,11,2.205293655395508,2.205313444137573,0.9369244575500488,0.007269593887031
60,100,1,11,2.886516571044922,2.1055705547332764,0.6996050477027893,0.3154390752315521
60,100,2,11,2.8137319087982178,2.108917713165283,1.9424777030944824,1.412920355796814
60,100,3,11,3.0667967796325684,2.024317502975464,5.495795249938965,2.5275915049860487e-06
60,100,4,11,3.673871517181397,2.2571253776550293,1.168403148651123,7.144961273297668e-06
60,100,5,11,3.395817995071411,2.117037534713745,1.0459098815917969,0.0001064801544998
60,100,6,11,2.8597774505615234,2.1781375408172607,0.9642144441604614,0.0010371772805228
60,100,7,11,2.351170778274536,2.0851755142211914,0.8927087187767029,0.0071930950507521
60,100,8,11,1.874487042427063,2.0661697387695312,0.8171539902687073,0.0386765785515308
60,100,9,11,1.731506109237671,2.0274062156677246,0.7678557634353638,0.0362264215946197
60,100,10,11,1.4936186075210571,1.941994905471801,0.7299226522445679,0.0292877200990915
60,100,11,11,1.4202529191970823,2.0689473152160645,0.708024799823761,0.0235743019729852
61,100,1,11,1.3076763153076172,2.080726146697998,0.6816509366035461,0.0270620621740818
61,100,2,11,1.214359164237976,2.0748775005340576,0.642601728439331,0.0246780570596456
61,100,3,11,1.402879238128662,2.0333080291748047,0.639276921749115,0.0227476172149181
61,100,4,11,1.556905746459961,2.088449478149414,0.6213247179985046,0.0211173258721828
61,100,5,11,1.8245755434036253,2.002680778503418,0.5932124257087708,0.0202992167323827
61,100,6,11,1.7127199172973633,2.119042158126831,0.5874876976013184,0.0200104545801877
61,100,7,11,1.593254566192627,2.0935044288635254,0.5600681900978088,0.0195381511002779
61,100,8,11,1.5914292335510254,2.1035916805267334,0.5572269558906555,0.0199931617826223
61,100,9,11,1.4091535806655884,1.922424554824829,0.5407296419143677,0.0209783669561147
61,100,10,11,1.4738281965255735,2.0610692501068115,0.5418673157691956,0.0253670252859592
61,100,11,11,1.2593586444854736,1.9317103624343872,0.5057207942008972,0.0216946750879287
62,100,1,11,1.4895230531692505,2.074525594711304,0.5477917194366455,0.0336203835904598
62,100,2,11,1.2211896181106567,1.9949266910552976,0.5005784630775452,0.0236873310059309
62,100,3,11,1.034040093421936,1.9990417957305908,0.4882746338844299,0.0277534872293472
62,100,4,11,1.169822096824646,1.9870052337646484,0.5163663029670715,0.0354750826954841
62,100,5,11,1.094994306564331,2.02493953704834,0.4720584452152252,0.0266475528478622
62,100,6,11,1.163508057594299,1.963632345199585,0.491134762763977,0.0364693962037563
62,100,7,11,1.202967643737793,2.002626180648804,0.484186053276062,0.0332102440297603
62,100,8,11,0.99807608127594,1.9714678525924685,0.4780914485454559,0.0343483984470367
62,100,9,11,1.0294345617294312,2.0344443321228027,0.4730559885501861,0.0350684933364391
62,100,10,11,1.1943886280059814,2.0188028812408447,0.4656041264533996,0.0325765386223793
62,100,11,11,1.7762774229049685,2.025496482849121,0.5253760814666748,0.0450659915804863
63,100,1,11,1.7872371673583984,2.064432382583618,0.489179790019989,0.0310915187001228
63,100,2,11,1.485568284988403,1.9103000164031985,0.4580397307872772,0.0365370661020278
63,100,3,11,2.0087313652038574,1.962394952774048,0.491239845752716,0.0386247113347053
63,100,4,11,2.0764315128326416,2.028792142868042,0.4671656489372253,0.0382087603211402
63,100,5,11,1.037101984024048,2.066244125366211,0.4819366335868835,0.0350245535373687
63,100,6,11,0.8739686012268066,2.081549406051636,0.4649882614612579,0.0357369408011436
63,100,7,11,0.7444691061973572,1.9691187143325808,0.4383746385574341,0.031201371923089
63,100,8,11,0.9133715033531188,2.0043141841888428,0.4849642813205719,0.0452308729290962
63,100,9,11,0.9182862639427184,2.032296895980835,0.4657821357250213,0.0267538875341415
63,100,10,11,0.9311724305152892,1.959246039390564,0.4808756113052368,0.037155408412218
63,100,11,11,0.8172962665557861,2.0779879093170166,0.4607868194580078,0.037585075944662
64,100,1,11,0.9622687101364136,2.011913776397705,0.4764370918273926,0.0407818481326103
64,100,2,11,0.8612707853317261,1.9662742614746087,0.4639350771903991,0.0294031500816345
64,100,3,11,0.9721676111221312,1.9767553806304927,0.4760655164718628,0.0382772646844387
64,100,4,11,0.8987424969673157,2.0315237045288086,0.4539959728717804,0.0420310758054256
64,100,5,11,0.9264729022979736,1.9652165174484253,0.4706484079360962,0.0346896722912788
64,100,6,11,0.991307020187378,1.9993935823440552,0.4551843106746673,0.0344044119119644
64,100,7,11,1.10964035987854,1.989495038986206,0.4385181665420532,0.0296042151749134
64,100,8,11,1.4475679397583008,2.0479636192321777,0.4526983797550201,0.0418353006243705
64,100,9,11,1.1419821977615356,1.9897913932800293,0.4456595480442047,0.0352062955498695
64,100,10,11,1.0509459972381592,2.017518997192383,0.4691286087036133,0.0391696691513061
64,100,11,11,0.9729502201080322,2.0113022327423096,0.4575487077236175,0.0286528263241052
65,100,1,11,1.0293970108032229,1.9222551584243768,0.4357970058917999,0.0382136330008506
65,100,2,11,1.1874394416809082,1.8927768468856807,0.4632546901702881,0.0365262627601623
65,100,3,11,1.1311595439910889,1.9374656677246087,0.4728066325187683,0.034433864057064
65,100,4,11,0.9811409711837769,1.9772409200668333,0.4567056894302368,0.0333883799612522
65,100,5,11,0.946475088596344,1.9030818939208984,0.435051828622818,0.031659297645092
65,100,6,11,1.1375646591186523,2.16647744178772,0.4385294616222381,0.0332469753921031
65,100,7,11,1.3220446109771729,1.9330755472183228,0.4524004459381103,0.0416800677776336
65,100,8,11,1.1607626676559448,2.015618085861206,0.4559431076049804,0.0275346711277961
65,100,9,11,0.857922375202179,1.9707019329071045,0.42702317237854,0.0389974787831306
65,100,10,11,0.8694654703140259,1.9798177480697632,0.4464330673217773,0.046679712831974
65,100,11,11,1.0309970378875732,2.0508909225463867,0.461189866065979,0.0385012850165367
66,100,1,11,1.026602268218994,1.9080252647399905,0.439493179321289,0.0241669118404388
66,100,2,11,1.0845398902893066,2.0034611225128174,0.4552388787269592,0.040566511452198
66,100,3,11,0.953737735748291,1.933681845664978,0.4387349486351013,0.0425658710300922
66,100,4,11,1.0027121305465698,2.008496046066284,0.4432297646999359,0.0314086154103279
66,100,5,11,1.1472030878067017,1.9587267637252808,0.4632997214794159,0.0295164734125137
66,100,6,11,0.7181833982467651,2.022751569747925,0.4168379604816437,0.0333015620708465
66,100,7,11,0.8891258239746094,2.0563676357269287,0.4578431844711303,0.0410168729722499
66,100,8,11,0.7525173425674438,1.972285747528076,0.4360166192054748,0.0254254713654518
66,100,9,11,0.6507688760757446,1.961378693580628,0.4124810993671417,0.0445150919258594
66,100,10,11,0.8839507102966309,2.0096890926361084,0.4743074178695678,0.0698208510875701
66,100,11,11,1.0508806705474854,1.9538449048995967,0.4599758088588714,0.0379079841077327
67,100,1,11,1.4464685916900637,1.9485619068145752,0.4277977347373962,0.0593774989247322
67,100,2,11,1.3529189825057983,2.0230414867401123,0.4985199570655823,0.0904468074440956
67,100,3,11,1.091977596282959,2.06364369392395,0.5694653391838074,0.0056705307215452
67,100,4,11,1.11003577709198,1.9354528188705444,0.7955023050308228,0.0050129578448832
67,100,5,11,1.0451719760894775,2.0809576511383057,0.5299069881439209,0.0130760287865996
67,100,6,11,0.7939608097076416,2.014575958251953,0.4433102607727051,0.0230621639639139
67,100,7,11,0.8098255395889282,2.044106721878052,0.4451748728752136,0.0235845781862735
67,100,8,11,1.0026869773864746,2.0149290561676025,0.4508944153785705,0.0319580286741256
67,100,9,11,1.022801160812378,2.038893938064575,0.4155327677726745,0.0230694375932216
67,100,10,11,1.3576109409332275,2.006089925765991,0.4521017670631408,0.0310743562877178
67,100,11,11,1.0865092277526855,2.011927604675293,0.450140506029129,0.0342213027179241
68,100,1,11,0.826288104057312,1.967469930648804,0.4326432645320892,0.0245542526245117
68,100,2,11,0.9324322938919068,2.027491807937622,0.459966093301773,0.0332171767950058
68,100,3,11,0.7844947576522827,1.8808103799819944,0.4319257736206054,0.0321746058762073
68,100,4,11,0.5966138243675232,1.953254461288452,0.4006402194499969,0.0259780250489711
68,100,5,11,0.9041103720664978,1.9553531408309937,0.4644945859909057,0.0353412106633186
68,100,6,11,0.7374342679977417,2.0620880126953125,0.4139104187488556,0.0262750163674354
68,100,7,11,1.0181517601013184,1.9717864990234373,0.4443212747573852,0.0315874516963958
68,100,8,11,0.9188148379325868,2.030380249023437,0.4198440909385681,0.0285424441099166
68,100,9,11,0.8332360982894897,1.9451632499694824,0.4026641845703125,0.0311765000224113
68,100,10,11,0.7687020897865295,2.068150758743286,0.4284237325191498,0.0371241234242916
68,100,11,11,0.8329569101333618,1.99371874332428,0.4461252093315124,0.0267282463610172
69,100,1,11,0.8178346753120422,1.973544716835022,0.4424029290676117,0.0320766419172287
69,100,2,11,0.8379557132720947,1.92412793636322,0.4212097227573395,0.0308841802179813
69,100,3,11,0.9582890868186952,1.923747539520264,0.4347773194313049,0.0351796373724937
69,100,4,11,0.9702380299568176,2.0231029987335205,0.4204694628715515,0.0312838330864906
69,100,5,11,0.9103915691375732,1.9533380270004272,0.4169066548347473,0.0255385190248489
69,100,6,11,0.9088249206542968,1.9131829738616943,0.4283053874969482,0.040354773402214
69,100,7,11,1.008420467376709,1.9836454391479488,0.4615561068058014,0.0561526417732238
69,100,8,11,0.8402328491210938,1.9322433471679688,0.4418081641197204,0.0065980064682662
69,100,9,11,1.0571541786193848,2.001458168029785,0.4986741840839386,0.042492676526308
69,100,10,11,0.912251114845276,2.0166614055633545,0.4403758347034454,0.0412949994206428
69,100,11,11,0.919958472251892,1.9862256050109863,0.4409572780132293,0.0168295614421367
70,100,1,11,0.9591841697692872,2.0663650035858154,0.4395663738250732,0.0309773683547973
70,100,2,11,0.963034987449646,1.9349889755249023,0.4115867912769317,0.0358957424759864
70,100,3,11,3.662273406982422,2.163922071456909,0.48829185962677,0.040132075548172
70,100,4,11,4.479946613311768,2.0194098949432373,0.4453209936618805,0.0331981033086776
70,100,5,11,2.222262382507324,2.056990623474121,0.444877952337265,0.0267081372439861
70,100,6,11,0.9693729877471924,2.0100903511047363,0.4340709149837494,0.0270128510892391
70,100,7,11,1.0617974996566772,2.04609489440918,0.4640398025512695,0.0339878238737583
70,100,8,11,0.7031455636024475,1.996099710464477,0.4117206931114197,0.0274890474975109
70,100,9,11,0.8051414489746094,1.997713923454285,0.4446616172790527,0.0289534740149974
70,100,10,11,0.812431812286377,1.9882100820541384,0.4373489916324615,0.0334620028734207
70,100,11,11,0.8222297430038452,1.970157265663147,0.4279092252254486,0.0327618792653083
71,100,1,11,0.8203219175338745,2.0303449630737305,0.4403485059738159,0.0260558985173702
71,100,2,11,0.6380557417869568,1.9102030992507928,0.4164432883262634,0.0289789959788322
71,100,3,11,0.692531406879425,1.9480113983154297,0.4230888485908508,0.0412850566208362
71,100,4,11,0.6576094031333923,2.025038003921509,0.4201624989509582,0.03316156193614
71,100,5,11,0.7978666424751282,1.9732017517089844,0.4466690421104431,0.0131526598706841
71,100,6,11,0.6262768507003784,2.0417723655700684,0.4171425998210907,0.0645352900028228
71,100,7,11,0.6518375873565674,1.9857178926467896,0.5709034204483032,0.2067171782255172
71,100,8,11,0.6761733889579773,1.9934993982315063,3.407454252243042,1.837648414948489e-05
71,100,9,11,1.4610668420791626,1.9621903896331787,1.1269289255142212,1.730905205477029e-05
71,100,10,11,1.3457772731781006,2.0579609870910645,0.9731898307800292,2.7515983674675223e-05
71,100,11,11,1.626396894454956,2.016864776611328,0.8690826892852783,3.3721902582328767e-05
72,100,1,11,1.9377875328063965,2.0745460987091064,0.7380572557449341,0.0010563143296167
72,100,2,11,2.359694242477417,2.0621886253356934,0.6404075026512146,0.0199207346886396
72,100,3,11,1.862813830375672,1.982940554618836,0.5833747386932373,0.0243265181779861
72,100,4,11,1.227339744567871,1.941029906272888,0.5475395321846008,0.0170149821788072
72,100,5,11,0.9763432145118712,1.925275802612305,0.5052053332328796,0.0152778653427958
72,100,6,11,0.9351613521575928,1.9123077392578125,0.4696541130542755,0.0138763524591922
72,100,7,11,0.9652268290519714,2.063000202178955,0.471693217754364,0.0146369030699133
72,100,8,11,0.8136059045791626,2.006817579269409,0.4354836642742157,0.0135621987283229
72,100,9,11,0.8940654993057251,1.966475486755371,0.4646421670913696,0.0181232672184705
72,100,10,11,0.7408945560455322,2.014169216156006,0.438083678483963,0.0200979933142662
72,100,11,11,0.8214317560195923,1.987069129943848,0.4358162879943847,0.0215257294476032
73,100,1,11,0.8618818521499634,1.9403879642486568,0.4310255646705627,0.0205420218408107
73,100,2,11,0.9529248476028442,2.037686347961426,0.453284353017807,0.0242548063397407
73,100,3,11,0.8071889281272888,1.9982854127883911,0.4291425049304962,0.0218272171914577
73,100,4,11,0.7572986483573914,1.9721274375915527,0.4266988039016723,0.023288169875741
73,100,5,11,0.8002826571464539,2.053293943405152,0.4166532158851623,0.0241069495677948
73,100,6,11,1.082807183265686,2.0651094913482666,0.4556615352630615,0.0288213081657886
73,100,7,11,0.8919789791107178,2.0716700553894043,0.4409070014953613,0.0261120870709419
73,100,8,11,0.7895079851150513,1.9745395183563232,0.4246892929077148,0.0231177154928445
73,100,9,11,0.8809043169021606,1.978973150253296,0.4331739246845245,0.0253103002905845
73,100,10,11,0.8616279363632202,2.011963129043579,0.4186753630638122,0.0243749246001243
73,100,11,11,0.867034375667572,2.062572717666626,0.4124802052974701,0.0258336402475833
74,100,1,11,1.0417463779449463,1.909476399421692,0.3982211351394653,0.0241015814244747
74,100,2,11,1.278014063835144,2.034217834472656,0.4302210211753845,0.0288244672119617
74,100,3,11,0.94874370098114,1.948452353477478,0.4282599091529846,0.023856172338128
74,100,4,11,0.8468227386474609,2.0753042697906494,0.4242381453514099,0.0238183625042438
74,100,5,11,0.909027338027954,2.0169034004211426,0.4388679265975952,0.0269661992788314
74,100,6,11,0.8658137321472168,2.023211479187012,0.4114443957805633,0.0241073109209537
74,100,7,11,0.6807522177696228,2.126682758331299,0.4020459949970245,0.0264256931841373
74,100,8,11,0.8433886170387268,1.9712151288986208,0.4310667812824249,0.0289252549409866
74,100,9,11,0.9291301369667052,2.084555625915528,0.44017094373703,0.0254154056310653
74,100,10,11,0.8671544790267944,2.006254434585572,0.4385388493537903,0.0246465038508176
74,100,11,11,0.7738745212554932,1.979051232337952,0.4253665804862976,0.0233981143683195
75,100,1,11,0.7687895894050598,1.9381612539291384,0.4195107519626617,0.0279613621532917
75,100,2,11,0.9351873993873596,2.1007657051086426,0.4490111768245697,0.031266201287508
75,100,3,11,0.8077468276023865,1.9457228183746336,0.3862368762493133,0.0193641819059848
75,100,4,11,1.0757806301116943,1.993494272232056,0.4015538990497589,0.0252783112227916
75,100,5,11,1.5866942405700684,2.0027434825897217,0.4198431074619293,0.0275001488626003
75,100,6,11,1.3915135860443115,1.989978551864624,0.4283676147460937,0.0270015653222799
75,100,7,11,1.2178654670715332,2.077522993087769,0.4273421466350555,0.0267288126051425
75,100,8,11,1.0859317779541016,1.982074499130249,0.433930903673172,0.02667105384171
75,100,9,11,1.091988205909729,1.9758301973342896,0.4093837141990661,0.0231601763516664
75,100,10,11,1.135973572731018,2.047293186187744,0.4049592316150665,0.0266839824616909
75,100,11,11,0.9768667221069336,1.97480058670044,0.450407862663269,0.0266048070043325
76,100,1,11,0.7954638004302979,1.9214526414871216,0.4293862581253052,0.0223255194723606
76,100,2,11,0.7255538702011108,2.022594928741455,0.4226124584674835,0.0278475135564804
76,100,3,11,0.6589592695236206,1.8733391761779783,0.4017417430877685,0.0243630558252334
76,100,4,11,0.7537623643875122,1.969240665435791,0.41925710439682,0.0279291756451129
76,100,5,11,0.7589858770370483,2.078240394592285,0.4213196039199829,0.0220394656062126
76,100,6,11,0.9524478316307068,1.916803836822509,0.449571281671524,0.026449890807271
76,100,7,11,0.7111369371414185,2.094270706176758,0.4142853617668152,0.0252307206392288
76,100,8,11,0.6566805839538574,2.084618330001831,0.4037762284278869,0.0256299190223217
76,100,9,11,0.70586758852005,2.0141704082489014,0.409485787153244,0.0346972905099391
76,100,10,11,0.9231348037719728,2.018605709075928,0.4482932984828949,0.0137980030849576
76,100,11,11,0.6947858333587646,1.9614356756210327,0.3936939835548401,0.0315113514661788
77,100,1,11,0.7522830963134766,1.9625225067138672,0.4247790277004242,0.0486827753484249
77,100,2,11,0.8161616325378418,1.98232650756836,0.5204671025276184,0.00247114431113
77,100,3,11,0.9667521715164183,2.0572752952575684,0.5634042024612427,0.0040080659091472
77,100,4,11,1.1866556406021118,2.0134644508361816,0.4922506213188171,0.01044796500355
77,100,5,11,1.1324305534362793,1.9125874042510984,0.4456977546215057,0.0147179123014211
77,100,6,11,0.764271080493927,2.0183491706848145,0.4164464473724365,0.0158229079097509
77,100,7,11,0.858096718788147,2.0540802478790283,0.4106703400611877,0.0202975384891033
77,100,8,11,1.0365839004516602,1.982924580574036,0.4176678359508514,0.0226030498743057
77,100,9,11,0.8444386720657349,2.036782503128052,0.4086735546588897,0.0224784985184669
77,100,10,11,0.7637723088264465,1.9123108386993408,0.3966647982597351,0.0229548849165439
77,100,11,11,0.8415465950965881,1.9704360961914065,0.4324893951416015,0.0279034003615379
78,100,1,11,0.8708337545394897,2.0024917125701904,0.4259042739868164,0.0188285894691944
78,100,2,11,0.9245617389678956,2.0401206016540527,0.4129403531551361,0.0210158824920654
78,100,3,11,0.7796868085861206,1.9461429119110107,0.4121050536632538,0.0310666281729936
78,100,4,11,0.8531213402748108,2.0035853385925293,0.4127810895442962,0.0175188798457384
78,100,5,11,0.8229971528053284,2.0161941051483154,0.4102343618869781,0.0234148874878883
78,100,6,11,0.6952440142631531,2.007131338119507,0.4077777564525604,0.0248176865279674
78,100,7,11,0.8366507887840271,1.9573413133621216,0.4250630736351013,0.0246921237558126
78,100,8,11,0.8867567777633667,2.0609941482543945,0.437514454126358,0.0248594805598258
78,100,9,11,0.7228769063949585,1.939823031425476,0.4047747552394867,0.0234820134937763
78,100,10,11,1.0521457195281982,1.962911605834961,0.4108912050724029,0.0287140905857086
78,100,11,11,1.5578737258911133,1.970165729522705,0.3980760276317596,0.019879437983036
79,100,1,11,1.3357104063034058,1.9587626457214355,0.4120474457740783,0.0286453440785408
79,100,2,11,0.9151579737663268,1.9430323839187624,0.4336920082569122,0.0228707678616046
79,100,3,11,0.736219048500061,1.885689377784729,0.4035839736461639,0.0223267376422882
79,100,4,11,0.8184064030647278,2.062053680419922,0.4208883047103882,0.0256564058363437
79,100,5,11,0.9620763659477234,2.10584020614624,0.4337083697319031,0.029826782643795
79,100,6,11,0.992879331111908,2.019106388092041,0.4096579551696777,0.0234277974814176
79,100,7,11,0.7404772043228149,1.9696471691131592,0.408949464559555,0.0245185084640979
79,100,8,11,0.7644136548042297,1.9640617370605469,0.3944083750247955,0.0246716178953647
79,100,9,11,0.7356891632080078,2.099935293197632,0.3994978368282318,0.0282304491847753
79,100,10,11,0.7149816751480103,1.971410632133484,0.3906046450138092,0.0189411360770463
79,100,11,11,0.896776556968689,1.9079829454422,0.4222893714904785,0.0261664055287837
80,100,1,11,0.7065667510032654,1.983808279037476,0.4003762304782867,0.024338960647583
80,100,2,11,0.7407222390174866,1.986538767814636,0.406928539276123,0.0272486303001642
80,100,3,11,0.7039731740951538,1.9585992097854608,0.3936316072940826,0.0201605185866355
80,100,4,11,0.8982535004615784,1.9988374710083008,0.4327343106269836,0.0321936011314392
80,100,5,11,1.5826774835586548,1.943405747413636,0.4497703611850738,0.069136768579483
80,100,6,11,2.4014503955841064,2.008988857269287,1.3307714462280271,0.0004410326946526
80,100,7,11,1.920537233352661,2.0886318683624268,0.9088503122329712,0.0002262078050989
80,100,8,11,1.604733109474182,2.173470497131348,0.7003150582313538,0.0003924876509699
80,100,9,11,1.939680099487305,1.9990395307540887,0.6108676195144653,0.0015547181246802
80,100,10,11,1.6404507160186768,1.9581085443496704,0.5608316659927368,0.0050097662024199
80,100,11,11,1.0755181312561035,2.0772762298583984,0.51204514503479,0.007471740245819
81,100,1,11,0.8883471488952637,1.9762043952941888,0.4710497558116913,0.0079935640096664
81,100,2,11,1.146180272102356,2.0122668743133545,0.5036478042602539,0.0091406591236591
81,100,3,11,0.9254760146141052,1.9482994079589844,0.4545016586780548,0.0091075841337442
81,100,4,11,0.99860680103302,2.07070255279541,0.4869676232337951,0.0115808080881834
81,100,5,11,0.7568554878234863,2.0580508708953857,0.4344119727611542,0.0123267788439989
81,100,6,11,0.9263705015182496,2.030071258544922,0.4626141488552093,0.0145117007195949
81,100,7,11,0.8441770076751709,1.9247982501983645,0.4397645592689514,0.0140023874118924
81,100,8,11,0.8852592706680298,2.008636236190796,0.4139174520969391,0.0149011705070734
81,100,9,11,1.3727333545684814,1.9696277379989624,0.4350651800632477,0.0161261186003685
81,100,10,11,1.6209253072738647,1.88452672958374,0.4270132780075073,0.0180072337388992
81,100,11,11,1.3730196952819824,2.008899688720703,0.418020486831665,0.0151964891701936
82,100,1,11,0.9903069734573364,2.0142688751220703,0.4119103848934173,0.0169240236282348
82,100,2,11,0.9275505542755128,1.9896975755691528,0.4429064691066742,0.0185050368309021
82,100,3,11,0.8294695615768433,1.880441188812256,0.4172541201114654,0.0175018832087516
82,100,4,11,0.7399669885635376,2.013814687728882,0.3978184759616852,0.0166359823197126
82,100,5,11,0.7452858090400696,2.0146117210388184,0.4120479524135589,0.0184983164072036
82,100,6,11,0.7799468040466309,2.1484315395355225,0.4350526332855224,0.015912652015686
82,100,7,11,1.043000102043152,1.9834650754928589,0.4541479647159576,0.0175337642431259
82,100,8,11,1.0619447231292725,2.071488618850708,0.4050547480583191,0.017889067530632
82,100,9,11,1.2876834869384766,1.861205101013184,0.4423017501831054,0.0210048370063304
82,100,10,11,1.1011075973510742,2.032637357711792,0.4318667948246002,0.0177490133792161
82,100,11,11,0.9652787446975708,2.0345702171325684,0.4209156930446625,0.0181239023804664
83,100,1,11,0.9614917039871216,2.093478202819824,0.4177131652832031,0.0207085162401199
83,100,2,11,0.7789883017539978,2.0422027111053467,0.4172124564647674,0.0169204585254192
83,100,3,11,0.6870148777961731,1.9797587394714355,0.4070136547088623,0.0179635807871818
83,100,4,11,0.9180572628974916,2.0797486305236816,0.4509824812412262,0.0199478790163993
83,100,5,11,0.678403377532959,1.9050363302230835,0.3922566175460815,0.0174423921853303
83,100,6,11,0.7923749685287476,2.040877342224121,0.4192506670951843,0.0225527063012123
83,100,7,11,0.7959197759628296,2.0015785694122314,0.4233783483505249,0.0133437076583504
83,100,8,11,0.7135145664215088,1.902335524559021,0.4092593789100647,0.0174463484436273
83,100,9,11,0.7516409158706665,1.976047158241272,0.4205564260482788,0.0171022340655326
83,100,10,11,0.7633812427520752,1.9892246723175049,0.4081520438194275,0.0191044434905052
83,100,11,11,0.7700753211975098,1.9907081127166748,0.4086672067642212,0.0186150297522544
84,100,1,11,0.7477203607559204,2.0355377197265625,0.4023485779762268,0.0190955884754657
84,100,2,11,0.8260091543197632,2.175165891647339,0.4154124557971954,0.018224973231554
84,100,3,11,0.7662982940673828,2.0171544551849365,0.3965123295783996,0.0188974849879741
84,100,4,11,0.8428516387939453,1.93801498413086,0.3877159059047699,0.0185262784361839
84,100,5,11,0.7781995534896851,2.04681134223938,0.4098981022834778,0.0201899074018001
84,100,6,11,0.9378137588500975,1.9050918817520144,0.4428006410598755,0.0176064781844615
84,100,7,11,0.8606449365615845,1.9520163536071773,0.4183842241764068,0.0193307362496852
84,100,8,11,0.8322470188140869,2.042626142501831,0.4233752489089966,0.0195713564753532
84,100,9,11,0.7576446533203125,2.191227674484253,0.3957214653491974,0.0174526050686836
84,100,10,11,1.198425531387329,1.956573367118836,0.4097348749637604,0.0203994307667017
84,100,11,11,1.2603870630264282,1.955693364143372,0.4058330655097961,0.0196316465735435
85,100,1,11,1.063667058944702,1.996131896972656,0.3947090208530426,0.0188256707042455
85,100,2,11,0.8644875288009644,1.989416480064392,0.4216111004352569,0.0215461421757936
85,100,3,11,0.7643725275993347,1.9953856468200684,0.4146581888198852,0.0140850218012928
85,100,4,11,0.7841492891311646,2.0006649494171143,0.4077431559562683,0.0180983208119869
85,100,5,11,0.7661117315292358,1.9527512788772583,0.3900961279869079,0.0198611784726381
85,100,6,11,0.8068947792053223,2.0395662784576416,0.4077226519584656,0.0179400742053985
85,100,7,11,0.6444975137710571,2.0877058506011963,0.3973048627376556,0.0228505227714777
85,100,8,11,0.7410967946052551,1.879906415939331,0.4185153543949127,0.0161902792751789
85,100,9,11,0.7916024327278137,1.9620156288146973,0.4256835877895355,0.0196448117494583
85,100,10,11,0.8626083135604858,2.033334732055664,0.4235088527202606,0.0260830931365489
85,100,11,11,0.7851450443267822,1.9272480010986328,0.4056292474269867,0.0053297118283808
86,100,1,11,0.8427499532699585,1.9050748348236084,0.4202620685100555,0.0234895199537277
86,100,2,11,0.7761461734771729,1.9583665132522583,0.4562223851680755,0.0711577534675598
86,100,3,11,0.7224920392036438,2.0577523708343506,2.818101167678833,3.863064193865284e-06
86,100,4,11,1.497889757156372,1.999297380447388,0.967360019683838,5.546849934034981e-06
86,100,5,11,1.6685054302215576,2.1512725353240967,0.782866358757019,0.000131111824885
86,100,6,11,1.8304680585861208,2.009000301361084,0.6818779706954956,0.0019134086323902
86,100,7,11,1.437631130218506,1.941280484199524,0.6244810819625854,0.0063917739316821
86,100,8,11,1.0436232089996338,2.001404285430908,0.5674742460250854,0.0066891224123537
86,100,9,11,1.042658448219299,1.930321455001831,0.5388298630714417,0.0051689045503735
86,100,10,11,1.1478214263916016,2.0021297931671143,0.5441939830780029,0.0046092909760773
86,100,11,11,1.197925090789795,1.9877099990844729,0.514657735824585,0.0041289716027677
87,100,1,11,1.1128877401351929,1.8609371185302728,0.5115481615066528,0.0048957075923681
87,100,2,11,0.8552514910697937,1.9473681449890137,0.475181519985199,0.0045139272697269
87,100,3,11,0.9705928564071656,1.970936298370361,0.490616500377655,0.0039995075203478
87,100,4,11,0.8020198941230774,2.039926052093506,0.4423662424087524,0.0063700545579195
87,100,5,11,0.8405183553695679,1.959617495536804,0.4542144536972046,0.0069932369515299
87,100,6,11,0.8454486727714539,2.066275119781494,0.4487465322017669,0.0090619828552007
87,100,7,11,0.9893521070480348,2.019300937652588,0.4528389573097229,0.0115931322798132
87,100,8,11,0.8847341537475586,2.138469219207764,0.4406458735466003,0.0126758962869644
87,100,9,11,0.7583090662956238,2.087632179260254,0.4044874012470245,0.0168909467756748
87,100,10,11,0.998158872127533,2.15982723236084,0.4365998804569244,0.0216481909155845
87,100,11,11,0.8274849653244019,2.173336267471313,0.3960742652416229,0.017714861780405
88,100,1,11,1.0583207607269287,2.0942628383636475,0.4421865940093994,0.0247730743139982
88,100,2,11,1.474323272705078,2.056570291519165,0.4238165915012359,0.0111631751060485
88,100,3,11,2.981095314025879,2.0708227157592773,0.4198639392852783,0.0177927464246749
88,100,4,11,1.2383203506469729,1.9576841592788696,0.4186379015445709,0.0239897593855857
88,100,5,11,0.891837477684021,2.1737000942230225,0.4355102181434631,0.0055895699188113
88,100,6,11,0.9275587201118468,1.9148200750350952,0.4435995519161224,0.0143259223550558
88,100,7,11,0.6676812767982483,1.9642798900604248,0.4049756824970245,0.0162348523736
88,100,8,11,0.788229763507843,1.986650824546814,0.4291690289974212,0.0166964940726757
88,100,9,11,0.7860124111175537,1.9839043617248533,0.4342808127403259,0.026284160092473
88,100,10,11,0.6722463965415955,1.9499982595443728,0.4223692715167999,0.0026995856314897
88,100,11,11,0.8317468762397766,1.816344857215881,0.4123543798923492,0.0073319654911756
89,100,1,11,0.8535025715827942,1.9608641862869265,0.4210515022277832,0.0109980711713433
89,100,2,11,0.646564245223999,2.05289077758789,0.3959194123744964,0.0156948678195476
89,100,3,11,0.8009072542190552,2.0262937545776367,0.4124674797058105,0.0184351876378059
89,100,4,11,0.7245051264762878,2.014587879180908,0.4140390455722809,0.0221516173332929
89,100,5,11,0.6811638474464417,2.0952036380767822,0.4107585549354553,0.0093309031799435
89,100,6,11,0.9389113187789916,1.900261759757996,0.4497908353805542,0.0143141914159059
89,100,7,11,0.7467904686927795,1.962548971176148,0.4146511256694793,0.0187709182500839
89,100,8,11,0.6917535662651062,2.0239086151123047,0.3825637102127075,0.0182669814676046
89,100,9,11,0.692038893699646,1.9645806550979608,0.3936512470245361,0.0318660400807857
89,100,10,11,0.7179561257362366,2.027194023132324,0.5975308418273926,0.0006979450699873
89,100,11,11,0.92004132270813,2.007150411605835,0.5650069117546082,0.0008311829296872
90,100,1,11,0.9765475392341614,2.176708698272705,0.5165749192237854,0.0009495620033703
90,100,2,11,0.8864874839782715,1.9152579307556152,0.4952054619789123,0.0018961131572723
90,100,3,11,0.8240022659301758,1.984687328338623,0.4623980820178985,0.0032541854307055
90,100,4,11,0.9768369793891908,2.0577914714813232,0.4678705036640167,0.004629326518625
90,100,5,11,0.8569585680961609,2.017833948135376,0.4068466126918793,0.0059665162116289
90,100,6,11,0.9461269378662108,2.017059803009033,0.4327777326107025,0.0077757909893989
90,100,7,11,0.7962473630905151,1.9404869079589844,0.4253997504711151,0.0093763088807463
90,100,8,11,0.7330358624458313,2.0043227672576904,0.4004603326320648,0.0108976950868964
90,100,9,11,0.9024374485015868,2.0487260818481445,0.4063884913921356,0.0126723377034068
90,100,10,11,0.8426411151885986,1.996847152709961,0.4167526364326477,0.0165187194943428
90,100,11,11,0.8701664209365845,2.070009231567383,0.4199343621730804,0.0141577515751123
91,100,1,11,0.8643151521682739,2.036062479019165,0.4089863896369934,0.022135641425848
91,100,2,11,0.8879766464233398,1.9337797164916992,0.4612730741500854,0.0031640324741601
91,100,3,11,0.6429852843284607,1.9296663999557493,0.4036042690277099,0.0081392619758844
91,100,4,11,0.7645910382270813,2.0098583698272705,0.4155184328556061,0.0097977723926305
91,100,5,11,0.8085449934005737,1.965837836265564,0.4154568910598755,0.0122511852532625
91,100,6,11,0.7818000912666321,2.022590160369873,0.4041050374507904,0.0156084867194294
91,100,7,11,0.699429452419281,1.91244375705719,0.3759167492389679,0.016404666006565
91,100,8,11,0.8172823190689087,1.9346224069595337,0.425197035074234,0.0301683954894542
91,100,9,11,0.8477080464363098,2.0018858909606934,0.7299267053604126,0.0002088831097353
91,100,10,11,1.199740290641785,2.084038257598877,0.5939425826072693,0.0003044683835469
91,100,11,11,1.1380529403686523,1.9946084022521973,0.5341424942016602,0.000478653673781
92,100,1,11,0.9365745186805724,2.025599956512451,0.5091238021850586,0.0010242315474897
92,100,2,11,0.961421012878418,1.897266626358032,0.5067600607872009,0.0017850135918706
92,100,3,11,0.9288533329963684,2.032292366027832,0.4692422151565552,0.0027321891393512
92,100,4,11,1.2265570163726809,2.045811414718628,0.4527041018009186,0.0037927634548395
92,100,5,11,1.1005350351333618,1.980734705924988,0.4512425661087036,0.0034583576489239
92,100,6,11,0.9128328561782836,2.053826808929444,0.4592241942882538,0.0045025483705103
92,100,7,11,0.6464889049530029,2.030801057815552,0.4080718755722046,0.0053599886596202
92,100,8,11,0.7647492289543152,1.9697564840316768,0.4280293583869934,0.0061426940374076
92,100,9,11,0.8259733319282532,2.012251377105713,0.4412361681461334,0.0080413948744535
92,100,10,11,0.6954688429832458,1.9241533279418943,0.4073755443096161,0.0089716324582695
92,100,11,11,0.9054497480392456,2.0790271759033203,0.4431922137737274,0.0104742860421538
93,100,1,11,0.7762922048568726,2.008565187454224,0.410015344619751,0.0111815109848976
93,100,2,11,0.7268751263618469,2.026059627532959,0.3906841278076172,0.0129373036324977
93,100,3,11,0.943899154663086,1.997496247291565,0.4066662788391113,0.0124307703226804
93,100,4,11,1.0947271585464478,1.9950281381607056,0.4212945401668548,0.0147298499941825
93,100,5,11,0.9852851033210754,1.9118348360061648,0.4099051058292389,0.0134606016799807
93,100,6,11,0.8156216144561768,1.9651190042495728,0.4033886194229126,0.0207334775477647
93,100,7,11,1.142572283744812,2.0134098529815674,0.4837046861648559,0.0029785027727484
93,100,8,11,1.135812759399414,2.0386483669281006,0.4551621973514557,0.0050242724828422
93,100,9,11,0.815703809261322,2.029860019683838,0.4375893473625183,0.0056613301858305
93,100,10,11,0.7644248008728027,1.9694461822509768,0.4262551665306091,0.0067308079451322
93,100,11,11,0.7134897112846375,1.999178409576416,0.4033525288105011,0.0077362661249935
94,100,1,11,0.8362463712692261,1.965851068496704,0.4079932272434234,0.0107416324317455
94,100,2,11,0.7533004283905029,2.1422080993652344,0.3988061249256134,0.0105633419007062
94,100,3,11,0.6897419691085815,1.9417744874954224,0.3790757060050964,0.0127225639298558
94,100,4,11,0.8270688652992249,1.9745796918869016,0.4093418419361114,0.0144183188676834
94,100,5,11,0.7785021662712097,1.9473031759262085,0.4189336597919464,0.0188159942626953
94,100,6,11,0.7352680563926697,2.0328118801116943,0.4379843473434448,0.0060736876912415
94,100,7,11,0.745466411113739,2.005929946899414,0.4186413884162903,0.0075302198529243
94,100,8,11,0.6918231248855591,1.944193840026856,0.3947899043560028,0.009533429518342
94,100,9,11,0.8448039293289185,1.9239939451217647,0.3986979126930237,0.0114618279039859
94,100,10,11,1.0926201343536377,2.067042350769043,0.4019190073013305,0.0138594452291727
94,100,11,11,0.7235446572303772,1.9865710735321045,0.4117038547992706,0.0261189732700586
95,100,1,11,0.7018535733222961,2.0722920894622803,0.8883049488067627,9.743074770085514e-05
95,100,2,11,1.0869098901748655,2.0472540855407715,0.602576494216919,0.0001237805699929
95,100,3,11,1.3066987991333008,2.062573194503784,0.5653200149536133,0.0003027076600119
95,100,4,11,1.1341242790222168,2.080425262451172,0.5200570821762085,0.0007451412966474
95,100,5,11,1.2255231142044067,1.9879263639450075,0.5064358711242676,0.0014754477888345
95,100,6,11,1.0640203952789309,1.9829360246658323,0.4921729862689972,0.002321500563994
95,100,7,11,1.0367803573608398,2.070022821426392,0.4770569801330566,0.002686430234462
95,100,8,11,1.3196192979812622,2.050811290740967,0.4847678542137146,0.0025704202707856
95,100,9,11,0.8666234016418457,1.991152286529541,0.4488436877727508,0.0030053663067519
95,100,10,11,0.9469665288925172,1.997262954711914,0.4692150354385376,0.0033521286677569
95,100,11,11,0.8826082944869995,1.9641356468200684,0.4650747179985046,0.0039606345817446
96,100,1,11,0.8948292136192322,2.044724941253662,0.4608132839202881,0.0048989802598953
96,100,2,11,0.8795871138572693,1.96694815158844,0.4570810198783874,0.0052895564585924
96,100,3,11,0.765938937664032,1.867575645446777,0.4226599037647247,0.0060477047227323
96,100,4,11,0.8674175143241882,2.002713680267334,0.4313507974147796,0.0079793939366936
96,100,5,11,1.0017565488815308,1.9458332061767576,0.4403944015502929,0.008124878630042
96,100,6,11,0.7612090110778809,2.1110587120056152,0.3886533677577972,0.0091800866648554
96,100,7,11,0.9716976881027222,2.036102533340454,0.4160477221012115,0.0097577469423413
96,100,8,11,0.7685501575469971,1.9040592908859253,0.414057195186615,0.0110014881938695
96,100,9,11,0.7790786623954773,2.074955940246582,0.425398588180542,0.0112440921366214
96,100,10,11,0.8112875819206238,1.9575904607772827,0.415646880865097,0.0177673734724521
96,100,11,11,0.7388169169425964,1.997125744819641,0.4943780303001404,0.0011391463922336
97,100,1,11,0.7018455862998962,2.0039501190185547,0.4503157436847687,0.0020185268949717
97,100,2,11,0.9697240591049194,2.08567476272583,0.4886239171028137,0.0028250822797417
97,100,3,11,0.7437943816184998,1.9823617935180664,0.4383134543895721,0.0030287345871329
97,100,4,11,0.7797385454177856,2.0030205249786377,0.4283838868141174,0.0039838915690779
97,100,5,11,0.7785216569900513,1.9557676315307613,0.4119905233383178,0.0048397751525044
97,100,6,11,0.6387679576873779,2.003190755844116,0.3835023939609527,0.0060141114518046
97,100,7,11,0.9110229015350342,1.9631032943725584,0.42133828997612,0.0075130951590836
97,100,8,11,1.4337756633758545,2.124009609222412,0.4085285067558288,0.0088114030659198
97,100,9,11,1.2568644285202026,2.017085552215576,0.3991075456142425,0.0096157426014542
97,100,10,11,0.9124395847320556,2.004775285720825,0.3995772898197174,0.0133099053055047
97,100,11,11,0.8699599504470825,1.924890637397766,0.4103767275810241,0.0124228131026029
98,100,1,11,0.938970983028412,1.945439457893372,0.4688169360160827,0.0378699116408824
98,100,2,11,0.7297720313072205,1.9932180643081665,2.4442763328552246,2.875903874155483e-06
98,100,3,11,1.092830777168274,2.041824579238892,0.6928297281265259,9.362697164760904e-05
98,100,4,11,0.9547262787818908,1.9925371408462524,0.6114122271537781,0.0007853535935282
98,100,5,11,1.0193332433700562,1.9117258787155151,0.5774247050285339,0.0024886114988476
98,100,6,11,0.9176596999168396,1.889825701713562,0.5496684908866882,0.0028212200850248
98,100,7,11,1.0141538381576538,2.066848039627075,0.5337232947349548,0.0028631058521568
98,100,8,11,1.0615863800048828,1.959725379943848,0.5234197378158569,0.0024123194161802
98,100,9,11,1.006583333015442,1.9121007919311523,0.5278563499450684,0.0021574555430561
98,100,10,11,0.9687702059745787,2.0575039386749268,0.5307753086090088,0.0016934443265199
98,100,11,11,0.9867870807647704,1.9362698793411253,0.5071062445640564,0.0018442228902131
99,100,1,11,1.2781457901000977,2.060619831085205,0.5282283425331116,0.0018771430477499
99,100,2,11,1.4146506786346436,2.010716438293457,0.4921662807464599,0.0020443797111511
99,100,3,11,1.3000913858413696,2.101418972015381,0.4867591261863708,0.0023023006506264
99,100,4,11,1.0537785291671753,1.967674970626831,0.4726359844207763,0.0027631423436105
99,100,5,11,0.8562250137329102,2.081199884414673,0.4535205066204071,0.0033572665415704
99,100,6,11,0.8884533643722534,1.9687460660934448,0.4434650540351867,0.003467190079391
99,100,7,11,1.0185071229934692,1.905017375946045,0.4584709405899048,0.0042736586183309
99,100,8,11,1.3299829959869385,1.9517924785614007,0.4488205909729004,0.0053371782414615
99,100,9,11,1.2982441186904907,2.033667802810669,0.4431116282939911,0.006254153791815
99,100,10,11,0.8973554372787476,1.987325549125672,0.4208287298679352,0.0061948080547153
99,100,11,11,0.781316876411438,2.0233845710754395,0.4199539124965668,0.0080095548182725
100,100,1,11,0.8396931886672974,1.929035186767578,0.4212470948696136,0.0086048264056444
100,100,2,11,0.9208148717880248,1.9765093326568604,0.4302773475646972,0.0114589948207139
100,100,3,11,0.7902567386627197,1.967555046081543,0.4170666933059692,0.0111069232225418
100,100,4,11,0.7054161429405212,1.9013789892196653,0.4023305773735046,0.0128740398213267
100,100,5,11,0.7861027717590332,1.942408919334412,0.4125355184078216,0.0139515455812215
100,100,6,11,0.8672561049461365,1.96440064907074,0.4370426833629608,0.0143554732203483
100,100,7,11,0.7622103095054626,2.101466655731201,0.4131598174571991,0.0140639506280422
100,100,8,11,0.798369288444519,1.903976798057556,0.4230358302593231,0.0202574450522661
100,100,9,11,0.7971913814544678,2.0634925365448,0.4838186502456665,0.0011037633521482
100,100,10,11,0.7590593695640564,2.00227689743042,0.4583176970481872,0.0017673098482191
100,100,11,11,0.7987961769104004,2.0340027809143066,0.4518531858921051,0.0024692481383681297
